DATE;TEMPERATURE;HUMIDITY;WINDSPEED;PRESSURE;UV INDEX;AIR QUALITY;DAY-PROFILE 1;DAY-PROFILE 2
01/01/2021;5.4;85.3;23.8;1010;1;28;Cold - High Humidity - ;SinAlertas
02/01/2021;5.8;77.9;36.2;1015.3;4;29;Cold - High Humidity - ;High UV - 
03/01/2021;4.4;90.2;17.2;1014.7;2;16;Cold - High Humidity - ;SinAlertas
04/01/2021;3.8;90.1;21.2;1011;1;15;Cold - High Humidity - ;SinAlertas
05/01/2021;4;94;10.1;1013.4;1;17;Cold - High Humidity - ;SinAlertas
06/01/2021;4.5;85.6;9.3;1015.8;3;23;Cold - High Humidity - ;SinAlertas
07/01/2021;2.7;85.2;16.5;1017;4;24;Cold - High Humidity - ;High UV - 
08/01/2021;2.6;82;12.6;1017.1;4;29;Cold - High Humidity - ;High UV - 
09/01/2021;2.3;90.7;6.3;1013.9;1;30;Cold - High Humidity - ;SinAlertas
10/01/2021;3.8;88.2;18.3;1019.3;2;21;Cold - High Humidity - ;SinAlertas
11/01/2021;5.5;77.4;14.7;1027.4;3;27;Cold - High Humidity - ;SinAlertas
12/01/2021;6.4;82.5;8.3;1031;2;34;Cold - High Humidity - ;SinAlertas
13/01/2021;7.9;81.8;6.3;1032.2;4;35;Cold - High Humidity - ;High UV - 
14/01/2021;7.9;88.7;20.5;1030.6;3;30;Cold - High Humidity - ;SinAlertas
15/01/2021;9.5;86.5;21.2;1031;3;28;Cold - High Humidity - ;SinAlertas
16/01/2021;8.1;86.7;12.5;1030.3;4;28;Cold - High Humidity - ;High UV - 
17/01/2021;7.4;96.7;8.2;1030.1;1;20;Cold - High Humidity - ;SinAlertas
18/01/2021;8.9;93.6;8.3;1028.4;4;20;Cold - High Humidity - ;High UV - 
19/01/2021;11.4;59.8;27;1019.2;4;24;SinAlertas;High UV - 
20/01/2021;14.3;46.8;35.1;1004.1;2;29;SinAlertas;Low Pressure - 
21/01/2021;16.4;51.4;40;1003.7;4;32;Windy - ;Low Pressure - High UV - 
22/01/2021;10.9;75.1;26.6;1004.7;3;25;High Humidity - ;Low Pressure - 
23/01/2021;10.8;70;33.4;1005.3;1;31;High Humidity - ;SinAlertas
24/01/2021;10.2;83.5;37;1009.7;4;21;High Humidity - ;High UV - 
25/01/2021;9.1;96.6;18.3;1013.3;1;24;Cold - High Humidity - ;SinAlertas
26/01/2021;10;89.7;11.8;1021.7;3;21;High Humidity - ;SinAlertas
27/01/2021;14.4;96.2;19.1;1023.8;3;24;High Humidity - ;SinAlertas
28/01/2021;14.4;87;17.2;1020.2;4;21;High Humidity - ;High UV - 
29/01/2021;14.1;90.2;13;1017.4;4;26;High Humidity - ;High UV - 
30/01/2021;13.8;72.1;33.3;1007.6;3;24;High Humidity - ;SinAlertas
31/01/2021;12.8;75.9;50.1;1007.6;4;28;High Humidity - Windy - ;High UV - 
01/02/2021;14.7;72.7;35.9;1010.3;3;35;High Humidity - ;SinAlertas
02/02/2021;16.2;64;28.3;1011.1;3;20;SinAlertas;SinAlertas
03/02/2021;17.3;52.9;30.5;1008.5;5;32;SinAlertas;High UV - 
04/02/2021;13.7;71.4;21.2;1010.5;2;31;High Humidity - ;SinAlertas
05/02/2021;11.2;96.6;11.9;1009.1;1;22;High Humidity - ;SinAlertas
06/02/2021;10;93;29.2;1005.1;1;21;High Humidity - ;SinAlertas
07/02/2021;8.6;79.2;13;1006.9;3;21;Cold - High Humidity - ;SinAlertas
08/02/2021;12;71;26.6;999.4;5;22;High Humidity - ;Low Pressure - High UV - 
09/02/2021;12.7;59.3;33.3;999;3;30;SinAlertas;Low Pressure - 
10/02/2021;10.7;70.5;36;1002.6;5;32;High Humidity - ;Low Pressure - High UV - 
11/02/2021;12.8;72.5;25.9;1016.5;3;25;High Humidity - ;SinAlertas
12/02/2021;13.5;85.2;37.4;1015.1;2;23;High Humidity - ;SinAlertas
13/02/2021;10.3;87.8;7.5;1026.6;4;28;High Humidity - ;High UV - 
14/02/2021;13;69.5;35.9;1026;5;23;High Humidity - ;High UV - 
15/02/2021;14.7;56.6;34.1;1026.5;5;24;SinAlertas;High UV - 
16/02/2021;13.8;64.6;32.6;1022.8;3;25;SinAlertas;SinAlertas
17/02/2021;14.1;68.1;26.5;1019.4;5;31;High Humidity - ;High UV - 
18/02/2021;14.4;66.1;24;1014.5;2;34;High Humidity - ;SinAlertas
19/02/2021;17.5;48.1;31.6;1014.1;4;84;SinAlertas;High UV - Moderate AQI
20/02/2021;19.2;32.8;29.5;1005.7;4;32;SinAlertas;High UV - 
21/02/2021;14.4;58.9;49.7;1007.7;3;42;Windy - ;SinAlertas
22/02/2021;9.7;87.5;18.3;1019;6;29;Cold - High Humidity - ;High UV - 
23/02/2021;13.4;62.1;34.2;1028.3;6;25;SinAlertas;High UV - 
24/02/2021;16.7;54.6;31;1027.7;6;42;SinAlertas;High UV - 
25/02/2021;14.1;72.4;18.2;1028.7;3;56;High Humidity - ;Moderate AQI
26/02/2021;12.4;87.6;10.1;1032.8;3;28;High Humidity - ;SinAlertas
27/02/2021;10.9;81.6;16.6;1031.3;6;32;High Humidity - ;High UV - 
28/02/2021;9.4;86.1;15.5;1023.9;6;29;Cold - High Humidity - ;High UV - 
01/03/2021;14;60.7;35.1;1020.8;6;34;SinAlertas;High UV - 
02/03/2021;16;55.3;36.2;1023.9;5;43;SinAlertas;High UV - 
03/03/2021;14.6;67.3;15.4;1027.5;6;69;High Humidity - ;High UV - Moderate AQI
04/03/2021;12.9;79.6;17.3;1021.5;6;71;High Humidity - ;High UV - Moderate AQI
05/03/2021;10.1;88.5;18.4;1020.9;3;62;High Humidity - ;Moderate AQI
06/03/2021;9.9;74.5;11.2;1024.3;4;27;Cold - High Humidity - ;High UV - 
07/03/2021;7.8;86.3;8.3;1021.8;3;27;Cold - High Humidity - ;SinAlertas
08/03/2021;8.3;84.1;16.6;1020.2;6;36;Cold - High Humidity - ;High UV - 
09/03/2021;8;80.8;18.9;1023;4;42;Cold - High Humidity - ;High UV - 
10/03/2021;9.4;66;9.4;1021.8;6;43;Cold - High Humidity - ;High UV - 
11/03/2021;12.3;72.6;30.8;1021.3;5;37;High Humidity - ;High UV - 
12/03/2021;11;73.2;27;1023.8;7;29;High Humidity - ;High UV - 
13/03/2021;10.4;70.8;34.2;1022.8;6;33;High Humidity - ;High UV - 
14/03/2021;10.6;82.7;26.6;1027.8;5;32;High Humidity - ;High UV - 
15/03/2021;10;86.4;21.2;1030.5;7;38;High Humidity - ;High UV - 
16/03/2021;11.2;85.2;17.2;1032.3;7;33;High Humidity - ;High UV - 
17/03/2021;11.7;81.4;18.4;1031.7;6;39;High Humidity - ;High UV - 
18/03/2021;9.1;74.7;21.3;1026.7;8;31;Cold - High Humidity - ;Extreme UV - 
19/03/2021;9.1;80.4;32.7;1020.1;1;33;Cold - High Humidity - ;SinAlertas
20/03/2021;8.3;58.9;24.8;1026.3;7;35;Cold - ;High UV - 
21/03/2021;9.4;69.5;18.3;1027.9;2;34;Cold - High Humidity - ;SinAlertas
22/03/2021;9.3;77.7;17.2;1025.6;7;33;Cold - High Humidity - ;High UV - 
23/03/2021;9.4;67.9;18.4;1023.8;8;38;Cold - High Humidity - ;Extreme UV - 
24/03/2021;9;78.7;17.2;1026.1;8;46;Cold - High Humidity - ;Extreme UV - 
25/03/2021;11.8;78.1;16.5;1025;7;36;High Humidity - ;High UV - 
26/03/2021;10.4;82;26.5;1023.5;6;40;High Humidity - ;High UV - 
27/03/2021;11.3;76.2;19.2;1028.9;8;35;High Humidity - ;Extreme UV - 
28/03/2021;14.7;62.6;14.8;1026.7;8;33;SinAlertas;Extreme UV - 
29/03/2021;20;38;27.3;1025.2;6;45;SinAlertas;High UV - 
30/03/2021;21.5;31.6;33;1023.7;7;52;SinAlertas;High UV - Moderate AQI
31/03/2021;22.4;29.3;26.5;1018.2;8;58;SinAlertas;Extreme UV - Moderate AQI
01/04/2021;20.5;29.7;31.5;1013.6;5;40;SinAlertas;High UV - 
02/04/2021;14.3;73.5;25.9;1015.3;5;57;High Humidity - ;High UV - Moderate AQI
03/04/2021;12.1;78;24;1019.5;4;38;High Humidity - ;High UV - 
04/04/2021;10.8;70;20.5;1021.5;8;36;High Humidity - ;Extreme UV - 
05/04/2021;9.8;77.1;17.3;1021.4;8;36;Cold - High Humidity - ;Extreme UV - 
06/04/2021;10.4;70.9;18.4;1020.6;4;36;High Humidity - ;High UV - 
07/04/2021;8.8;54.2;24.8;1023.7;8;32;Cold - ;Extreme UV - 
08/04/2021;13.4;57.5;19.6;1019.1;7;34;SinAlertas;High UV - 
09/04/2021;15.2;60.7;33.2;1015.4;8;31;SinAlertas;Extreme UV - 
10/04/2021;14.8;69.5;21.1;1011.9;7;28;High Humidity - ;High UV - 
11/04/2021;10.8;86.9;16.3;1017.9;4;34;High Humidity - ;High UV - 
12/04/2021;8;75.7;18.4;1028.5;9;34;Cold - High Humidity - ;Extreme UV - 
13/04/2021;9.3;69.4;20.5;1025;6;36;Cold - High Humidity - ;High UV - 
14/04/2021;10;68.4;20.5;1021.8;9;44;High Humidity - ;Extreme UV - 
15/04/2021;8.6;67.3;17.3;1022.1;9;47;Cold - High Humidity - ;Extreme UV - 
16/04/2021;7.3;62.3;18.9;1023.5;9;55;Cold - ;Extreme UV - Moderate AQI
17/04/2021;7.9;64.5;18.4;1024.4;9;41;Cold - ;Extreme UV - 
18/04/2021;10.4;64.4;20.5;1023.5;9;46;SinAlertas;Extreme UV - 
19/04/2021;10.7;67.6;20.4;1018.5;8;48;High Humidity - ;Extreme UV - 
20/04/2021;12.7;70.4;15.5;1015.3;8;44;High Humidity - ;Extreme UV - 
21/04/2021;13.8;70;16.5;1013.1;9;43;High Humidity - ;Extreme UV - 
22/04/2021;17.4;57.2;24;1013.3;8;34;SinAlertas;Extreme UV - 
23/04/2021;19.3;47.9;27;1015.7;8;49;SinAlertas;Extreme UV - 
24/04/2021;20.9;36.3;28.2;1014.1;9;42;SinAlertas;Extreme UV - 
25/04/2021;18.4;55.4;29.4;1010.8;9;37;SinAlertas;Extreme UV - 
26/04/2021;14.8;86.8;13.6;1007.5;5;39;High Humidity - ;High UV - 
27/04/2021;14.3;87.8;22.2;1007.1;4;35;High Humidity - ;High UV - 
28/04/2021;12.7;85.1;17.2;1008.5;3;29;High Humidity - ;SinAlertas
29/04/2021;10.7;90.5;11.2;1010.9;3;28;High Humidity - ;SinAlertas
30/04/2021;9.9;90.7;14.4;1013.1;6;36;Cold - High Humidity - ;High UV - 
01/05/2021;11.4;78.6;29.3;1016;9;27;High Humidity - ;Extreme UV - 
02/05/2021;10.9;75.3;18.2;1021.4;9;31;High Humidity - ;Extreme UV - 
03/05/2021;11.6;74.8;22.7;1021.9;9;25;High Humidity - ;Extreme UV - 
04/05/2021;12.9;75.4;22.3;1018.9;9;46;High Humidity - ;Extreme UV - 
05/05/2021;15.5;80.3;25.8;1018.3;9;23;High Humidity - ;Extreme UV - 
06/05/2021;15.5;79;22.2;1016.3;6;40;High Humidity - ;High UV - 
07/05/2021;17;76.2;13.7;1018.7;8;31;High Humidity - ;Extreme UV - 
08/05/2021;18.9;70.6;28.2;1011.1;8;32;High Humidity - ;Extreme UV - 
09/05/2021;17.5;72.3;24.2;1002.2;7;21;High Humidity - ;Low Pressure - High UV - 
10/05/2021;14.4;71;34.5;1008.4;7;27;High Humidity - ;High UV - 
11/05/2021;13;67.5;23;1016.5;9;48;High Humidity - ;Extreme UV - 
12/05/2021;15;60.8;40.9;1014.9;5;38;Windy - ;High UV - 
13/05/2021;13.2;79.4;29.4;1014.6;3;37;High Humidity - ;SinAlertas
14/05/2021;13.4;76.5;24;1017.7;9;31;High Humidity - ;Extreme UV - 
15/05/2021;15;85.9;14.8;1012.2;2;30;High Humidity - ;SinAlertas
16/05/2021;14.9;84.4;25.5;1013.7;2;27;High Humidity - ;SinAlertas
17/05/2021;14.9;67;31.9;1021;9;23;High Humidity - ;Extreme UV - 
18/05/2021;13.2;80.8;24.8;1019.7;7;20;High Humidity - ;High UV - 
19/05/2021;13.9;81.3;19.2;1027;10;20;High Humidity - ;Extreme UV - 
20/05/2021;15.5;69.6;17.2;1022.9;10;36;High Humidity - ;Extreme UV - 
21/05/2021;12.8;84.6;21.2;1018.3;2;45;High Humidity - ;SinAlertas
22/05/2021;12.1;82.6;13.7;1018;9;35;High Humidity - ;Extreme UV - 
23/05/2021;12.7;75;19.1;1019.8;10;32;High Humidity - ;Extreme UV - 
24/05/2021;13.3;77.9;35.9;1020.6;10;36;High Humidity - ;Extreme UV - 
25/05/2021;13.9;72.7;19.9;1027.6;10;27;High Humidity - ;Extreme UV - 
26/05/2021;13.4;73.7;16.6;1022.3;9;25;High Humidity - ;Extreme UV - 
27/05/2021;15.5;76.7;25.8;1017.9;9;20;High Humidity - ;Extreme UV - 
28/05/2021;17.3;81.8;18.3;1017.3;6;37;High Humidity - ;High UV - 
29/05/2021;17;85.5;21.3;1021.6;8;37;High Humidity - ;Extreme UV - 
30/05/2021;17.8;77.6;21.2;1019.9;9;34;High Humidity - ;Extreme UV - 
31/05/2021;21.7;73.3;16.5;1013;6;38;High Humidity - ;High UV - 
01/06/2021;21;72;40.4;1009;6;25;High Humidity - Windy - ;High UV - 
02/06/2021;18.9;79.3;27.5;1013.7;8;32;High Humidity - ;Extreme UV - 
03/06/2021;15.7;92.8;17.2;1020.3;2;33;High Humidity - ;SinAlertas
04/06/2021;14.1;90.9;16.4;1025.6;7;37;High Humidity - ;High UV - 
05/06/2021;14.5;83.8;16.6;1026.2;10;35;High Humidity - ;Extreme UV - 
06/06/2021;17.2;80.3;18.3;1025;9;42;High Humidity - ;Extreme UV - 
07/06/2021;18.5;74.6;17.3;1023.3;10;26;High Humidity - ;Extreme UV - 
08/06/2021;18.1;81.4;25.6;1022.4;10;26;High Humidity - ;Extreme UV - 
09/06/2021;18.7;79.8;16.6;1024.3;9;24;High Humidity - ;Extreme UV - 
10/06/2021;18.9;79.2;15.9;1022.2;9;39;High Humidity - ;Extreme UV - 
11/06/2021;18.2;84.6;17.7;1021.7;9;41;High Humidity - ;Extreme UV - 
12/06/2021;20.1;79.7;20.5;1022.4;9;40;High Humidity - ;Extreme UV - 
13/06/2021;24.7;70.4;17.2;1019.9;9;41;High Humidity - ;Extreme UV - 
14/06/2021;23.1;79.9;27.4;1020.4;7;29;High Humidity - ;High UV - 
15/06/2021;22.5;78.8;16.6;1018.7;9;40;High Humidity - ;Extreme UV - 
16/06/2021;22.4;78.2;26.5;1011.6;9;31;High Humidity - ;Extreme UV - 
17/06/2021;19;93.2;11.1;1010.8;1;40;High Humidity - ;SinAlertas
18/06/2021;19.8;88.9;15.5;1013.5;5;22;High Humidity - ;High UV - 
19/06/2021;19.7;85;22.2;1013.7;9;33;High Humidity - ;Extreme UV - 
20/06/2021;20.6;68.4;27.6;1007.4;8;24;High Humidity - ;Extreme UV - 
21/06/2021;17.6;77.4;20.5;1009.4;8;40;High Humidity - ;Extreme UV - 
22/06/2021;16.3;90;29.3;1016.6;6;44;High Humidity - ;High UV - 
23/06/2021;15;89.1;27.2;1021.9;1;29;High Humidity - ;SinAlertas
24/06/2021;16.9;82.2;13.6;1024.5;9;46;High Humidity - ;Extreme UV - 
25/06/2021;17.6;79.7;15.5;1022.2;9;25;High Humidity - ;Extreme UV - 
26/06/2021;17.7;81.6;20.3;1016.2;8;46;High Humidity - ;Extreme UV - 
27/06/2021;16.2;85.6;22.1;1015.2;5;45;High Humidity - ;High UV - 
28/06/2021;15.9;80.3;26.6;1017.3;6;43;High Humidity - ;High UV - 
29/06/2021;17.7;72.7;24.1;1020.6;5;39;High Humidity - ;High UV - 
30/06/2021;18.4;78.4;13;1019.6;4;45;High Humidity - ;High UV - 
01/07/2021;18.7;84.1;12.9;1019.1;4;30;High Humidity - ;High UV - 
02/07/2021;21;77.9;26.5;1017.2;7;38;High Humidity - ;High UV - 
03/07/2021;20.7;81.2;13;1017;7;48;High Humidity - ;High UV - 
04/07/2021;21.8;73.2;14.7;1015.8;9;29;High Humidity - ;Extreme UV - 
05/07/2021;23.2;71.4;23;1011.3;9;20;High Humidity - ;Extreme UV - 
06/07/2021;18.1;81.1;14.1;1014.2;3;28;High Humidity - ;SinAlertas
07/07/2021;17;83.7;24;1019.8;10;28;High Humidity - ;Extreme UV - 
08/07/2021;17.5;78.4;13;1025.9;9;33;High Humidity - ;Extreme UV - 
09/07/2021;18.1;78.5;21.2;1023.4;10;27;High Humidity - ;Extreme UV - 
10/07/2021;20;78.1;16.6;1020.1;9;35;High Humidity - ;Extreme UV - 
11/07/2021;19.8;79.3;25.7;1015.4;9;36;High Humidity - ;Extreme UV - 
12/07/2021;17.5;81;35.6;1017.5;8;35;High Humidity - ;Extreme UV - 
13/07/2021;16.8;84.1;35.6;1022.6;8;25;High Humidity - ;Extreme UV - 
14/07/2021;17.6;82.5;20.5;1024.5;7;22;High Humidity - ;High UV - 
15/07/2021;18.2;80.2;15.5;1023.8;10;35;High Humidity - ;Extreme UV - 
16/07/2021;18.5;82.1;18.5;1023.1;9;33;High Humidity - ;Extreme UV - 
17/07/2021;20.2;80.7;14.9;1021.3;9;45;High Humidity - ;Extreme UV - 
18/07/2021;21.1;83.5;18.3;1019;9;27;High Humidity - ;Extreme UV - 
19/07/2021;22.3;79.9;18.3;1015.8;9;23;High Humidity - ;Extreme UV - 
20/07/2021;20.7;83.8;19.1;1015.3;9;37;High Humidity - ;Extreme UV - 
21/07/2021;21.3;88.6;19.1;1018.7;3;47;High Humidity - ;SinAlertas
22/07/2021;21;91.3;19.1;1017.2;3;24;High Humidity - ;SinAlertas
23/07/2021;20.8;84.8;19.2;1013;5;44;High Humidity - ;High UV - 
24/07/2021;20.3;75.5;18.5;1014.1;9;25;High Humidity - ;Extreme UV - 
25/07/2021;20.6;77.5;17.2;1014.4;8;23;High Humidity - ;Extreme UV - 
26/07/2021;20.6;79;14.1;1017;9;39;High Humidity - ;Extreme UV - 
27/07/2021;19;80.1;17.3;1016.8;8;25;High Humidity - ;Extreme UV - 
28/07/2021;19.3;84.4;11.2;1018.5;7;38;High Humidity - ;High UV - 
29/07/2021;18.3;86.4;10.8;1016.6;5;35;High Humidity - ;High UV - 
30/07/2021;19.9;82.2;15.9;1016.4;9;42;High Humidity - ;Extreme UV - 
31/07/2021;16.3;90.7;13.7;1017.8;4;29;High Humidity - ;High UV - 
01/08/2021;17.7;78.6;16.5;1018;9;42;High Humidity - ;Extreme UV - 
02/08/2021;18;79.6;15.5;1018.4;9;28;High Humidity - ;Extreme UV - 
03/08/2021;19;80.7;13;1017;6;41;High Humidity - ;High UV - 
04/08/2021;19.7;88.4;24.7;1016.6;8;26;High Humidity - ;Extreme UV - 
05/08/2021;21.3;77.2;27.6;1015.5;9;39;High Humidity - ;Extreme UV - 
06/08/2021;18.7;83.7;18.3;1013.3;4;37;High Humidity - ;High UV - 
07/08/2021;18.1;82.2;21.9;1011.8;9;42;High Humidity - ;Extreme UV - 
08/08/2021;19;76.1;16.5;1018;9;36;High Humidity - ;Extreme UV - 
09/08/2021;20.1;78.6;20.3;1017.6;8;36;High Humidity - ;Extreme UV - 
10/08/2021;20.3;83.5;14.8;1018.7;6;32;High Humidity - ;High UV - 
11/08/2021;21;85;13.7;1019.1;4;41;High Humidity - ;High UV - 
12/08/2021;21.1;86.9;20.5;1020;6;31;High Humidity - ;High UV - 
13/08/2021;21.7;82.9;16.6;1023.1;7;25;High Humidity - ;High UV - 
14/08/2021;22.2;86.6;18.3;1020.5;3;38;High Humidity - ;SinAlertas
15/08/2021;20.6;89.6;15.5;1021.7;6;41;High Humidity - ;High UV - 
16/08/2021;20;78.7;23;1024.9;8;44;High Humidity - ;Extreme UV - 
17/08/2021;19.3;71.8;18.4;1026.3;9;45;High Humidity - ;Extreme UV - 
18/08/2021;18.4;78.6;14.8;1022.9;3;41;High Humidity - ;SinAlertas
19/08/2021;17.8;94.5;12.9;1018.3;6;48;High Humidity - ;High UV - 
20/08/2021;20.4;82.7;23.9;1015;8;30;High Humidity - ;Extreme UV - 
21/08/2021;21.6;79;14.8;1019.1;8;46;High Humidity - ;Extreme UV - 
22/08/2021;20.3;84.4;14.8;1023.4;8;29;High Humidity - ;Extreme UV - 
23/08/2021;20.2;81.8;18.4;1023.1;8;25;High Humidity - ;Extreme UV - 
24/08/2021;20;79.2;18.3;1019;8;23;High Humidity - ;Extreme UV - 
25/08/2021;20.3;81.3;13;1014.8;8;27;High Humidity - ;Extreme UV - 
26/08/2021;21.2;81.2;19.1;1015.3;8;31;High Humidity - ;Extreme UV - 
27/08/2021;20.4;76.1;16.6;1016.6;8;26;High Humidity - ;Extreme UV - 
28/08/2021;19.1;74.4;16.6;1018.5;8;21;High Humidity - ;Extreme UV - 
29/08/2021;18.3;75.1;18.4;1017.8;9;28;High Humidity - ;Extreme UV - 
30/08/2021;18.7;78;14.7;1016.5;8;40;High Humidity - ;Extreme UV - 
31/08/2021;19.7;75.3;19.2;1018;8;35;High Humidity - ;Extreme UV - 
01/09/2021;19.7;83.2;21.1;1017;4;42;High Humidity - ;High UV - 
02/09/2021;20.3;90.1;18.3;1016.7;7;36;High Humidity - ;High UV - 
03/09/2021;20.4;88.4;18.3;1017.4;8;43;High Humidity - ;Extreme UV - 
04/09/2021;20.1;86.8;20.4;1016;7;28;High Humidity - ;High UV - 
05/09/2021;24.7;73.5;17.2;1015.4;8;33;High Humidity - ;Extreme UV - 
06/09/2021;27.8;64.2;17.2;1015.4;7;26;Hot - ;High UV - 
07/09/2021;29.1;56.4;27.6;1012.2;8;41;Hot - ;Extreme UV - 
08/09/2021;23.1;78.3;23.9;1012.8;8;24;High Humidity - ;Extreme UV - 
09/09/2021;22.2;79;14.7;1014.5;8;37;High Humidity - ;Extreme UV - 
10/09/2021;20.1;85;16.5;1018.2;7;39;High Humidity - ;High UV - 
11/09/2021;20.3;80.3;16.5;1018.5;7;39;High Humidity - ;High UV - 
12/09/2021;22.6;77.7;12.9;1014.7;7;22;High Humidity - ;High UV - 
13/09/2021;25.5;63.3;18.3;1010.8;7;22;Hot - ;High UV - 
14/09/2021;23;70.8;14.7;1010.5;4;32;High Humidity - ;High UV - 
15/09/2021;21.3;82.5;22.3;1013.9;6;45;High Humidity - ;High UV - 
16/09/2021;19.6;86.4;18.3;1019.9;5;33;High Humidity - ;High UV - 
17/09/2021;18.9;80.5;17.2;1016.3;7;34;High Humidity - ;High UV - 
18/09/2021;18;80.1;26.9;1017.8;8;40;High Humidity - ;Extreme UV - 
19/09/2021;17.8;78.5;19.2;1021.9;6;42;High Humidity - ;High UV - 
20/09/2021;16;90.8;17;1024.6;5;41;High Humidity - ;High UV - 
21/09/2021;15.9;90.5;19.2;1026.6;6;22;High Humidity - ;High UV - 
22/09/2021;17.3;87.7;18.4;1023.4;7;47;High Humidity - ;High UV - 
23/09/2021;18.2;87.2;11.2;1021.8;6;44;High Humidity - ;High UV - 
24/09/2021;19.3;86.6;13.7;1016.5;5;38;High Humidity - ;High UV - 
25/09/2021;21.5;72.6;16.2;1013.5;6;47;High Humidity - ;High UV - 
26/09/2021;19.6;76.6;18.3;1018.8;6;42;High Humidity - ;High UV - 
27/09/2021;20;72.3;28.3;1021.4;2;22;High Humidity - ;SinAlertas
28/09/2021;17.5;87;26.5;1022.9;4;35;High Humidity - ;High UV - 
29/09/2021;16.6;86.3;32.3;1027.9;6;42;High Humidity - ;High UV - 
30/09/2021;16.8;82.3;13;1027.4;7;29;High Humidity - ;High UV - 
01/10/2021;16.4;79.8;11.2;1021.2;7;28;High Humidity - ;High UV - 
02/10/2021;20.2;68.2;32;1011.5;3;20;High Humidity - ;SinAlertas
03/10/2021;17.5;76.1;42.3;1009.9;4;22;High Humidity - Windy - ;High UV - 
04/10/2021;14.2;79.7;12.9;1019.5;6;39;High Humidity - ;High UV - 
05/10/2021;16;88.3;23.4;1018.9;3;37;High Humidity - ;SinAlertas
06/10/2021;15.6;85.7;11.1;1026.7;6;37;High Humidity - ;High UV - 
07/10/2021;14.2;81.5;16.2;1024.9;6;38;High Humidity - ;High UV - 
08/10/2021;14;79.6;13;1023.3;6;33;High Humidity - ;High UV - 
09/10/2021;13.7;84.5;17.2;1023.6;6;44;High Humidity - ;High UV - 
10/10/2021;15.9;85.1;13;1024.9;5;27;High Humidity - ;High UV - 
11/10/2021;13.8;84.6;14.8;1025.5;4;47;High Humidity - ;High UV - 
12/10/2021;12.4;87.6;12;1024;4;24;High Humidity - ;High UV - 
13/10/2021;12.7;81.2;17.3;1024.5;5;22;High Humidity - ;High UV - 
14/10/2021;13;80.6;16.5;1021.6;5;34;High Humidity - ;High UV - 
15/10/2021;14.2;82.2;14.8;1020;4;44;High Humidity - ;High UV - 
16/10/2021;15.9;81.6;10.1;1018.4;4;35;High Humidity - ;High UV - 
17/10/2021;17.9;79.2;12.9;1016.9;6;23;High Humidity - ;High UV - 
18/10/2021;18.9;77.1;14.6;1020.5;4;25;High Humidity - ;High UV - 
19/10/2021;24.7;53.4;24.7;1019.9;5;40;SinAlertas;High UV - 
20/10/2021;22.8;66;34;1016.4;5;25;High Humidity - ;High UV - 
21/10/2021;16.3;73.4;35.1;1021.2;6;33;High Humidity - ;High UV - 
22/10/2021;13.6;85.8;13.7;1023.8;4;36;High Humidity - ;High UV - 
23/10/2021;13.1;78.6;12.9;1023.8;5;30;High Humidity - ;High UV - 
24/10/2021;13;75.3;16.4;1022.1;5;33;High Humidity - ;High UV - 
25/10/2021;13.2;83.5;14.7;1023;5;32;High Humidity - ;High UV - 
26/10/2021;13.7;85;13;1025;5;31;High Humidity - ;High UV - 
27/10/2021;13.2;83;11.8;1021.7;5;31;High Humidity - ;High UV - 
28/10/2021;16.7;61;28.2;1013.4;5;34;SinAlertas;High UV - 
29/10/2021;17.8;67.1;24;1006.7;2;45;High Humidity - ;SinAlertas
30/10/2021;17.2;78.5;21.1;1003.7;2;33;High Humidity - ;Low Pressure - 
31/10/2021;17.7;78;27.6;1006.6;2;40;High Humidity - ;SinAlertas
01/11/2021;14;77.5;27.6;1011.6;5;35;High Humidity - ;High UV - 
02/11/2021;13.8;71.6;44;1008;5;34;High Humidity - Windy - ;High UV - 
03/11/2021;10;86.5;11.8;1008.4;1;39;High Humidity - ;SinAlertas
04/11/2021;9.1;92.1;21.2;1016;2;32;Cold - High Humidity - ;SinAlertas
05/11/2021;8.9;92.6;15.5;1026.1;3;26;Cold - High Humidity - ;SinAlertas
06/11/2021;8.6;89.4;11.9;1031.8;4;22;Cold - High Humidity - ;High UV - 
07/11/2021;8.5;94;14.8;1029.5;2;35;Cold - High Humidity - ;SinAlertas
08/11/2021;12.5;88.1;16.4;1025.3;3;43;High Humidity - ;SinAlertas
09/11/2021;10.4;86.4;16.5;1023.8;4;33;High Humidity - ;High UV - 
10/11/2021;8.9;84.4;10.1;1022.2;4;44;Cold - High Humidity - ;High UV - 
11/11/2021;10.6;89.1;12.9;1021.6;4;45;High Humidity - ;High UV - 
12/11/2021;13.2;90.7;15.4;1021.1;1;39;High Humidity - ;SinAlertas
13/11/2021;13.5;91.6;24;1022.1;3;25;High Humidity - ;SinAlertas
14/11/2021;12.7;88.9;19.6;1022.2;1;24;High Humidity - ;SinAlertas
15/11/2021;11.7;90.6;15.5;1023.2;3;32;High Humidity - ;SinAlertas
16/11/2021;10.8;94.9;9.4;1023.5;1;31;High Humidity - ;SinAlertas
17/11/2021;10.5;87.3;9.4;1027.4;1;29;High Humidity - ;SinAlertas
18/11/2021;9.8;86.9;13;1030.1;3;23;Cold - High Humidity - ;SinAlertas
19/11/2021;10;78.6;13.6;1026.9;3;42;High Humidity - ;SinAlertas
20/11/2021;12.3;67.6;19.6;1021.8;3;36;High Humidity - ;SinAlertas
21/11/2021;9.6;93.1;11.1;1016.8;1;21;Cold - High Humidity - ;SinAlertas
22/11/2021;9.3;87.3;16.6;1013.6;3;29;Cold - High Humidity - ;SinAlertas
23/11/2021;9.3;84.6;13.7;1016.5;1;21;Cold - High Humidity - ;SinAlertas
24/11/2021;9.5;90.4;11.1;1013.6;4;39;Cold - High Humidity - ;High UV - 
25/11/2021;8.5;93;27.7;1011;1;20;Cold - High Humidity - ;SinAlertas
26/11/2021;8.9;87.3;21.2;1012.1;2;42;Cold - High Humidity - ;SinAlertas
27/11/2021;7.8;83.9;36.3;1006.4;1;33;Cold - High Humidity - ;SinAlertas
28/11/2021;8.3;83.1;33.4;1013;1;33;Cold - High Humidity - ;SinAlertas
29/11/2021;10.4;97.3;32.6;1017.7;1;34;High Humidity - ;SinAlertas
30/11/2021;11.4;88.4;11.1;1025.9;4;34;High Humidity - ;High UV - 
01/12/2021;10.5;83.1;22.9;1017.7;2;23;High Humidity - ;SinAlertas
02/12/2021;9.2;80.4;27.7;1016.1;2;25;Cold - High Humidity - ;SinAlertas
03/12/2021;11;88.5;25.7;1021.4;1;21;High Humidity - ;SinAlertas
04/12/2021;11.6;79.3;35.9;1018.8;1;42;High Humidity - ;SinAlertas
05/12/2021;9.1;81.8;35.6;1019.4;0;21;Cold - High Humidity - ;SinAlertas
06/12/2021;11.1;90.4;28.3;1022.7;0;23;High Humidity - ;SinAlertas
07/12/2021;12.8;82.4;39.4;1012.9;0;33;High Humidity - ;SinAlertas
08/12/2021;7.1;79.2;29.4;1011;0;42;Cold - High Humidity - ;SinAlertas
09/12/2021;10.4;89.3;38.7;1015.3;0;36;High Humidity - ;SinAlertas
10/12/2021;12.6;87.1;47.7;1016;0;25;High Humidity - Windy - ;SinAlertas
11/12/2021;11.9;97.6;32.9;1024;0;46;High Humidity - ;SinAlertas
12/12/2021;12;89;19;1026;1;43;High Humidity - ;SinAlertas
13/12/2021;11.4;71.2;18.2;1023.1;1;44;High Humidity - ;SinAlertas
14/12/2021;7.9;86.3;10;1027.1;1;22;Cold - High Humidity - ;SinAlertas
15/12/2021;6;90.4;11.1;1027.7;1;57;Cold - High Humidity - ;Moderate AQI
16/12/2021;7.3;86.4;10.1;1028.4;1;26;Cold - High Humidity - ;SinAlertas
17/12/2021;8.4;69.4;22.9;1026.7;1;42;Cold - High Humidity - ;SinAlertas
18/12/2021;10.7;57.8;23.3;1027.3;1;35;SinAlertas;SinAlertas
19/12/2021;9.4;66.1;22.2;1024.5;1;34;Cold - High Humidity - ;SinAlertas
20/12/2021;9;70.7;13.6;1019.3;1;40;Cold - High Humidity - ;SinAlertas
21/12/2021;13.5;68.6;13;1016.7;1;43;High Humidity - ;SinAlertas
22/12/2021;15;66.3;18.4;1015.5;1;45;High Humidity - ;SinAlertas
23/12/2021;14.8;62.8;25.9;1014.2;0;41;SinAlertas;SinAlertas
24/12/2021;15.5;59;30.5;1008.6;1;28;SinAlertas;SinAlertas
25/12/2021;15.1;59.5;22.9;1004.2;1;44;SinAlertas;Low Pressure - 
26/12/2021;12.5;76.1;26.1;1007.3;1;43;High Humidity - ;SinAlertas
27/12/2021;17;66.1;34.5;1006.3;1;35;High Humidity - ;SinAlertas
28/12/2021;17.4;60;38;1015.2;1;34;SinAlertas;SinAlertas
29/12/2021;16.4;64.2;13;1022.2;1;27;SinAlertas;SinAlertas
30/12/2021;16.2;63.8;15.4;1021.1;1;38;SinAlertas;SinAlertas
31/12/2021;18.4;44.5;18.8;1023;1;38;SinAlertas;SinAlertas
01/01/2022;20;39.7;19.9;1024;3;45;SinAlertas;SinAlertas
02/01/2022;16.5;61.5;24;1026.2;3;22;SinAlertas;SinAlertas
03/01/2022;14.6;67.7;33.7;1021.3;3;47;High Humidity - ;SinAlertas
04/01/2022;14.3;69.4;38.4;1011.2;1;47;High Humidity - ;SinAlertas
05/01/2022;7.9;83.2;29.8;1019;2;44;Cold - High Humidity - ;SinAlertas
06/01/2022;6.1;77.3;11.2;1023.3;3;37;Cold - High Humidity - ;SinAlertas
07/01/2022;9.6;81;26.2;1027.8;3;34;Cold - High Humidity - ;SinAlertas
08/01/2022;9.9;71.4;21.2;1025.9;3;20;Cold - High Humidity - ;SinAlertas
09/01/2022;12.3;94.3;43.8;1018.8;1;30;High Humidity - Windy - ;SinAlertas
10/01/2022;12.9;97;46.3;1023;1;21;High Humidity - Windy - ;SinAlertas
11/01/2022;11.8;95.9;12.9;1029.1;2;42;High Humidity - ;SinAlertas
12/01/2022;6.7;92.2;11.9;1034.1;4;42;Cold - High Humidity - ;High UV - 
13/01/2022;6.6;76;17.2;1033.4;4;41;Cold - High Humidity - ;High UV - 
14/01/2022;8;58.2;15.8;1031.7;4;44;Cold - ;High UV - 
15/01/2022;5.3;67;10;1028.2;4;38;Cold - High Humidity - ;High UV - 
16/01/2022;5;76.1;12.9;1031.3;4;47;Cold - High Humidity - ;High UV - 
17/01/2022;4.6;83.6;14.8;1035.7;4;36;Cold - High Humidity - ;High UV - 
18/01/2022;4.1;85.1;10;1033.4;4;34;Cold - High Humidity - ;High UV - 
19/01/2022;5;89.3;8.2;1034.2;1;22;Cold - High Humidity - ;SinAlertas
20/01/2022;7.1;93.6;14.3;1032.3;2;44;Cold - High Humidity - ;SinAlertas
21/01/2022;6.7;72.3;18.4;1033.5;4;35;Cold - High Humidity - ;High UV - 
22/01/2022;4.1;78.6;11.9;1033.4;4;21;Cold - High Humidity - ;High UV - 
23/01/2022;4.9;73.2;14.7;1027.4;4;32;Cold - High Humidity - ;High UV - 
24/01/2022;9.3;61.1;21;1027.1;4;36;Cold - ;High UV - 
25/01/2022;7.6;69.7;11.8;1031.6;4;40;Cold - High Humidity - ;High UV - 
26/01/2022;5.9;81.4;11.1;1031.6;4;29;Cold - High Humidity - ;High UV - 
27/01/2022;5.4;86.6;15.5;1033;4;46;Cold - High Humidity - ;High UV - 
28/01/2022;6.7;84.2;15.4;1037.1;4;22;Cold - High Humidity - ;High UV - 
29/01/2022;7.4;82.7;10.1;1036.7;5;48;Cold - High Humidity - ;High UV - 
30/01/2022;6.4;91.5;13.7;1032.8;5;29;Cold - High Humidity - ;High UV - 
31/01/2022;8.2;93.3;30.3;1033.3;2;42;Cold - High Humidity - ;SinAlertas
01/02/2022;9.5;82;18.3;1035.5;4;30;Cold - High Humidity - ;High UV - 
02/02/2022;8.7;84.9;14.5;1029.1;5;41;Cold - High Humidity - ;High UV - 
03/02/2022;8.4;83.2;15.4;1022.4;4;37;Cold - High Humidity - ;High UV - 
04/02/2022;8.4;93.5;11.1;1023.7;1;34;Cold - High Humidity - ;SinAlertas
05/02/2022;8.8;84.5;16.5;1030.1;4;42;Cold - High Humidity - ;High UV - 
06/02/2022;6;82.6;12.9;1032.4;3;23;Cold - High Humidity - ;SinAlertas
07/02/2022;8.5;90.8;9.4;1033.9;2;44;Cold - High Humidity - ;SinAlertas
08/02/2022;11.2;78.2;22.2;1030;3;30;High Humidity - ;SinAlertas
09/02/2022;12.7;66;18.2;1027.6;3;32;High Humidity - ;SinAlertas
10/02/2022;10.6;77;16.5;1027.2;3;42;High Humidity - ;SinAlertas
11/02/2022;9.7;89.3;14.8;1029.5;5;33;Cold - High Humidity - ;High UV - 
12/02/2022;7.3;87.5;16.5;1023.8;3;37;Cold - High Humidity - ;SinAlertas
13/02/2022;12.6;65.1;34.9;1014.1;4;43;High Humidity - ;High UV - 
14/02/2022;9.1;79.8;36.8;1017.2;2;30;Cold - High Humidity - ;SinAlertas
15/02/2022;10;77.1;21.2;1026;4;30;High Humidity - ;High UV - 
16/02/2022;13.2;69.3;17.3;1025;4;43;High Humidity - ;High UV - 
17/02/2022;13.6;82.3;11.8;1026.1;5;26;High Humidity - ;High UV - 
18/02/2022;10.2;86.1;43.6;1019.7;4;32;High Humidity - Windy - ;High UV - 
19/02/2022;8.5;83.9;19.2;1027.3;5;46;Cold - High Humidity - ;High UV - 
20/02/2022;8.8;93;10;1030;4;22;Cold - High Humidity - ;High UV - 
21/02/2022;10.2;89.1;31.6;1031.4;5;38;High Humidity - ;High UV - 
22/02/2022;10.3;72.2;11.9;1032.1;5;25;High Humidity - ;High UV - 
23/02/2022;9.4;68.8;11.8;1024.8;5;46;Cold - High Humidity - ;High UV - 
24/02/2022;8.8;88.3;19.2;1024.6;3;42;Cold - High Humidity - ;SinAlertas
25/02/2022;8.7;81.2;18.4;1030.2;5;39;Cold - High Humidity - ;High UV - 
26/02/2022;9.2;68.4;16.4;1022.5;5;37;Cold - High Humidity - ;High UV - 
27/02/2022;13.2;66.2;15.4;1022.1;5;28;High Humidity - ;High UV - 
28/02/2022;11.5;76.6;14.6;1025.4;6;32;High Humidity - ;High UV - 
01/03/2022;12.2;75;16.6;1023.1;4;42;High Humidity - ;High UV - 
02/03/2022;12;88.1;35.1;1021.2;4;44;High Humidity - ;High UV - 
03/03/2022;10;90.6;25.9;1017.4;1;47;High Humidity - ;SinAlertas
04/03/2022;9.7;81;30.5;1023.1;6;38;Cold - High Humidity - ;High UV - 
05/03/2022;7;91.1;18.2;1021.5;6;45;Cold - High Humidity - ;High UV - 
06/03/2022;6.8;92.8;13.7;1019.5;6;38;Cold - High Humidity - ;High UV - 
07/03/2022;9.4;80.1;24.7;1015;6;36;Cold - High Humidity - ;High UV - 
08/03/2022;11.9;65.5;22.3;1014.3;7;21;High Humidity - ;High UV - 
09/03/2022;12.5;63.9;25.8;1017.3;3;35;SinAlertas;SinAlertas
10/03/2022;13.4;76.4;19.6;1016.1;4;27;High Humidity - ;High UV - 
11/03/2022;14.8;61.7;26.6;1010.2;6;48;SinAlertas;High UV - 
12/03/2022;12.1;69.2;22.2;1012.6;6;42;High Humidity - ;High UV - 
13/03/2022;11.9;65.2;17.5;1012.5;7;27;High Humidity - ;High UV - 
14/03/2022;12.8;66.9;20.5;1015.9;4;48;High Humidity - ;High UV - 
15/03/2022;18.2;57.5;41.2;1015.3;4;82;Windy - ;High UV - Moderate AQI
16/03/2022;15;72.9;43.1;1019.8;1;54;High Humidity - Windy - ;Moderate AQI
17/03/2022;11;85.9;21.2;1029.6;3;33;High Humidity - ;SinAlertas
18/03/2022;10.4;83.7;13.6;1029.2;4;36;High Humidity - ;High UV - 
19/03/2022;14.2;59;21.1;1023.7;4;21;SinAlertas;High UV - 
20/03/2022;16.1;55.7;31.5;1020.7;7;47;SinAlertas;High UV - 
21/03/2022;15.9;58;42.1;1020.5;5;29;Windy - ;High UV - 
22/03/2022;13.8;53.5;45.8;1020.9;4;29;Windy - ;High UV - 
23/03/2022;14.1;50.5;45.5;1022.5;7;23;Windy - ;High UV - 
24/03/2022;13.3;58;29.9;1022.3;6;22;SinAlertas;High UV - 
25/03/2022;15.4;61.2;22.9;1020.1;4;47;SinAlertas;High UV - 
26/03/2022;16;50.8;30.4;1019;6;24;SinAlertas;High UV - 
27/03/2022;16.7;50.3;29;1021.3;6;36;SinAlertas;High UV - 
28/03/2022;17.5;45.1;28.2;1018.6;5;56;SinAlertas;High UV - Moderate AQI
29/03/2022;13.1;80.4;18.4;1011.8;3;59;High Humidity - ;Moderate AQI
30/03/2022;11.9;83.5;27.6;1007.6;3;25;High Humidity - ;SinAlertas
31/03/2022;9.8;86.3;34.1;1007.2;6;27;Cold - High Humidity - ;High UV - 
01/04/2022;7;69.5;35.1;1017.5;6;32;Cold - High Humidity - ;High UV - 
02/04/2022;6.3;78.8;28.3;1022.1;8;38;Cold - High Humidity - ;Extreme UV - 
03/04/2022;4.8;83.7;15.9;1021.9;6;41;Cold - High Humidity - ;High UV - 
04/04/2022;5.6;71.1;19.2;1022.6;4;29;Cold - High Humidity - ;High UV - 
05/04/2022;7.5;70.9;16.6;1019.4;8;34;Cold - High Humidity - ;Extreme UV - 
06/04/2022;8.1;76.6;22.2;1016.1;8;42;Cold - High Humidity - ;Extreme UV - 
07/04/2022;13.6;66.9;25.6;1015.6;7;31;High Humidity - ;High UV - 
08/04/2022;15;66.5;37.1;1013.6;4;36;High Humidity - ;High UV - 
09/04/2022;12.1;76.3;16.5;1019.6;8;35;High Humidity - ;Extreme UV - 
10/04/2022;15.6;60.8;37;1012.3;8;27;SinAlertas;Extreme UV - 
11/04/2022;20;50;41.2;1003.4;8;42;Windy - ;Low Pressure - Extreme UV - 
12/04/2022;17.7;56.3;26.8;1006.2;8;29;SinAlertas;Extreme UV - 
13/04/2022;14.7;76.6;28.2;1015.5;8;43;High Humidity - ;Extreme UV - 
14/04/2022;14.5;85.7;18.3;1021.3;8;36;High Humidity - ;Extreme UV - 
15/04/2022;14.3;87;21.2;1024.4;7;27;High Humidity - ;High UV - 
16/04/2022;14.3;86.1;21.2;1024.5;5;21;High Humidity - ;High UV - 
17/04/2022;12.7;83.4;24.8;1022.2;7;43;High Humidity - ;High UV - 
18/04/2022;13.7;82.6;18.2;1020.1;4;35;High Humidity - ;High UV - 
19/04/2022;11.1;89;25.5;1017.3;4;48;High Humidity - ;High UV - 
20/04/2022;10.4;86;41.3;1013.3;7;40;High Humidity - Windy - ;High UV - 
21/04/2022;10.5;86.7;21.2;1010;8;39;High Humidity - ;Extreme UV - 
22/04/2022;12.2;78.3;18.3;998.3;2;45;High Humidity - ;Low Pressure - 
23/04/2022;10.9;84.3;32.7;996.4;1;23;High Humidity - ;Low Pressure - 
24/04/2022;14.2;70.2;34.2;1010.5;8;33;High Humidity - ;Extreme UV - 
25/04/2022;15.4;72.1;21.2;1013;9;38;High Humidity - ;Extreme UV - 
26/04/2022;15.6;72.6;27.1;1011.7;9;33;High Humidity - ;Extreme UV - 
27/04/2022;14.2;90.5;15.4;1016.4;6;37;High Humidity - ;High UV - 
28/04/2022;14;87.5;16.6;1023.8;5;38;High Humidity - ;High UV - 
29/04/2022;13.1;86.3;23.9;1027.2;8;29;High Humidity - ;Extreme UV - 
30/04/2022;14.4;84.4;18.4;1025.1;8;45;High Humidity - ;Extreme UV - 
01/05/2022;13.3;86.4;18.4;1021.9;5;20;High Humidity - ;High UV - 
02/05/2022;14.3;79.5;21.2;1017.4;7;34;High Humidity - ;High UV - 
03/05/2022;14.7;83.7;24.8;1017.9;8;22;High Humidity - ;Extreme UV - 
04/05/2022;14.7;79.5;22.2;1021.8;7;44;High Humidity - ;High UV - 
05/05/2022;14.8;79.5;17.3;1025.7;9;25;High Humidity - ;Extreme UV - 
06/05/2022;13.6;81;18.4;1027.7;9;35;High Humidity - ;Extreme UV - 
07/05/2022;15;78.8;20.5;1025.3;9;44;High Humidity - ;Extreme UV - 
08/05/2022;15.9;78.8;17.3;1022.8;9;40;High Humidity - ;Extreme UV - 
09/05/2022;17.6;72.6;14.7;1021.7;9;37;High Humidity - ;Extreme UV - 
10/05/2022;16.9;79.8;21.1;1020.7;8;43;High Humidity - ;Extreme UV - 
11/05/2022;15.6;85.6;18.3;1019.3;4;48;High Humidity - ;High UV - 
12/05/2022;16.3;82.5;18.2;1021.4;4;30;High Humidity - ;High UV - 
13/05/2022;17.5;87.6;15.4;1022.2;5;41;High Humidity - ;High UV - 
14/05/2022;19.4;85.2;20.5;1016.8;8;48;High Humidity - ;Extreme UV - 
15/05/2022;22.3;63.4;24;1012.2;9;24;SinAlertas;Extreme UV - 
16/05/2022;22.4;59.2;22.3;1016.9;9;23;SinAlertas;Extreme UV - 
17/05/2022;23.5;57.1;36.8;1017.6;9;44;SinAlertas;Extreme UV - 
18/05/2022;21.5;72.5;40.8;1018.3;9;43;High Humidity - Windy - ;Extreme UV - 
19/05/2022;18.6;79;18.3;1019.2;9;33;High Humidity - ;Extreme UV - 
20/05/2022;18.3;84.8;19.1;1021.7;4;37;High Humidity - ;High UV - 
21/05/2022;20.1;79.9;22.9;1018.5;7;28;High Humidity - ;High UV - 
22/05/2022;20.8;81.2;32.9;1011.6;7;44;High Humidity - ;High UV - 
23/05/2022;16.9;75.2;21.8;1013.4;5;27;High Humidity - ;High UV - 
24/05/2022;14.1;82.6;31.5;1016.1;6;22;High Humidity - ;High UV - 
25/05/2022;15;82.3;25.7;1023.8;9;43;High Humidity - ;Extreme UV - 
26/05/2022;15.6;86;13;1028.7;9;31;High Humidity - ;Extreme UV - 
27/05/2022;16.1;84.4;16.6;1026.5;10;43;High Humidity - ;Extreme UV - 
28/05/2022;17.9;78.5;15.6;1019.2;9;27;High Humidity - ;Extreme UV - 
29/05/2022;17.6;72.6;27.6;1011.3;9;20;High Humidity - ;Extreme UV - 
30/05/2022;17.6;70.4;16.5;1010;8;26;High Humidity - ;Extreme UV - 
31/05/2022;19;65.9;20.5;1013.5;9;27;High Humidity - ;Extreme UV - 
01/06/2022;20;73.9;30.9;1013.3;10;22;High Humidity - ;Extreme UV - 
02/06/2022;19.5;83.4;31.5;1013.8;10;31;High Humidity - ;Extreme UV - 
03/06/2022;20;78.2;20.5;1013.8;9;44;High Humidity - ;Extreme UV - 
04/06/2022;18.9;83.2;19.2;1016.3;3;41;High Humidity - ;SinAlertas
05/06/2022;18.7;82.5;17.3;1020.9;9;40;High Humidity - ;Extreme UV - 
06/06/2022;19;76.7;17.7;1020.1;7;29;High Humidity - ;High UV - 
07/06/2022;19.9;78.3;16.2;1020.3;9;39;High Humidity - ;Extreme UV - 
08/06/2022;18.1;89.7;21.2;1017.7;3;48;High Humidity - ;SinAlertas
09/06/2022;18.9;82.9;14.8;1023.2;9;25;High Humidity - ;Extreme UV - 
10/06/2022;19.7;75.5;22.3;1022.4;9;33;High Humidity - ;Extreme UV - 
11/06/2022;19.1;89.8;16.6;1023.1;5;33;High Humidity - ;High UV - 
12/06/2022;19.8;90;25.8;1022.3;8;36;High Humidity - ;Extreme UV - 
13/06/2022;21;85.8;18.4;1020.5;9;36;High Humidity - ;Extreme UV - 
14/06/2022;21.7;86.9;24;1013.9;8;63;High Humidity - ;Extreme UV - Moderate AQI
15/06/2022;23.3;82.3;127.5;1016.7;9;74;High Humidity - Strong Wind - ;Extreme UV - Moderate AQI
16/06/2022;26;74.1;24;1017.8;9;67;Hot - High Humidity - ;Extreme UV - Moderate AQI
17/06/2022;29.5;61.9;15.4;1017.9;8;64;Hot - ;Extreme UV - Moderate AQI
18/06/2022;26.4;67.2;24.8;1012.4;8;60;Hot - High Humidity - ;Extreme UV - Moderate AQI
19/06/2022;20.9;75.4;36.7;1008.9;9;44;High Humidity - ;Extreme UV - 
20/06/2022;17.4;89.1;18.4;1012.5;4;24;High Humidity - ;High UV - 
21/06/2022;19.1;87.3;19.3;1012.2;7;37;High Humidity - ;High UV - 
22/06/2022;18.9;84.8;16.6;1011.6;7;46;High Humidity - ;High UV - 
23/06/2022;18.9;85;25.9;1012.6;6;43;High Humidity - ;High UV - 
24/06/2022;19.5;80.1;14.9;1014.4;9;21;High Humidity - ;Extreme UV - 
25/06/2022;16.6;87.5;22.2;1014.3;3;41;High Humidity - ;SinAlertas
26/06/2022;15;91.7;13.6;1016.1;3;32;High Humidity - ;SinAlertas
27/06/2022;16.1;81.3;18.4;1021.8;7;46;High Humidity - ;High UV - 
28/06/2022;17.6;74.2;21.2;1020.8;9;25;High Humidity - ;Extreme UV - 
29/06/2022;15.8;85.9;21.3;1017.9;3;35;High Humidity - ;SinAlertas
30/06/2022;16.3;78.6;24;1018.5;9;21;High Humidity - ;Extreme UV - 
01/07/2022;17.5;72.9;21.2;1020.4;9;25;High Humidity - ;Extreme UV - 
02/07/2022;19.2;78.4;23;1019.4;9;25;High Humidity - ;Extreme UV - 
03/07/2022;19.1;83.2;19.7;1021.8;4;43;High Humidity - ;High UV - 
04/07/2022;18.7;81.4;13.7;1022.6;9;34;High Humidity - ;Extreme UV - 
05/07/2022;20.2;81.3;20.5;1023.7;6;35;High Humidity - ;High UV - 
06/07/2022;20.4;83.4;24.1;1025.7;10;36;High Humidity - ;Extreme UV - 
07/07/2022;19.6;82.7;30.5;1028.9;10;36;High Humidity - ;Extreme UV - 
08/07/2022;21;78.6;17.3;1028.2;9;25;High Humidity - ;Extreme UV - 
09/07/2022;21.5;77.4;19.3;1024.6;9;40;High Humidity - ;Extreme UV - 
10/07/2022;23.2;70.7;18.3;1019;9;24;High Humidity - ;Extreme UV - 
11/07/2022;23.8;74.7;25.1;1015.4;9;36;High Humidity - ;Extreme UV - 
12/07/2022;25.5;73.1;19.2;1018.8;9;26;Hot - High Humidity - ;Extreme UV - 
13/07/2022;27.1;58.2;15.5;1019.5;9;57;Hot - ;Extreme UV - Moderate AQI
14/07/2022;24.6;65.9;19.6;1019.7;9;55;High Humidity - ;Extreme UV - Moderate AQI
15/07/2022;26;63.9;16.1;1018.6;9;95;Hot - ;Extreme UV - Moderate AQI
16/07/2022;28.4;57.6;25.8;1015.3;9;110;Hot - ;Extreme UV - Unhealthy AQI
17/07/2022;30.4;55.2;21.3;1015.6;9;41;Hot - ;Extreme UV - 
18/07/2022;26.8;63.6;26.5;1013.6;8;30;Hot - ;Extreme UV - 
19/07/2022;22.9;71;20.6;1016.6;9;31;High Humidity - ;Extreme UV - 
20/07/2022;22.5;75.7;15.4;1022.5;9;36;High Humidity - ;Extreme UV - 
21/07/2022;24.1;72;18.3;1020.4;8;39;High Humidity - ;Extreme UV - 
22/07/2022;20.5;85.5;15.5;1021.2;3;22;High Humidity - ;SinAlertas
23/07/2022;21;75.4;17.3;1021.8;9;34;High Humidity - ;Extreme UV - 
24/07/2022;22.5;77.3;27.6;1017;10;42;High Humidity - ;Extreme UV - 
25/07/2022;21.9;77.8;22.3;1021.5;5;42;High Humidity - ;High UV - 
26/07/2022;20.5;77.6;15.5;1021.7;5;26;High Humidity - ;High UV - 
27/07/2022;20;72.4;14.8;1018.4;9;32;High Humidity - ;Extreme UV - 
28/07/2022;20.3;71.6;16.7;1016;9;23;High Humidity - ;Extreme UV - 
29/07/2022;21.2;74.1;17.3;1019;6;34;High Humidity - ;High UV - 
30/07/2022;22.3;80.4;15.5;1022.1;9;23;High Humidity - ;Extreme UV - 
31/07/2022;22.9;77.6;21.9;1021.6;8;41;High Humidity - ;Extreme UV - 
01/08/2022;23;77.8;14.9;1020.2;9;43;High Humidity - ;Extreme UV - 
02/08/2022;23.3;79;23.7;1016.7;8;26;High Humidity - ;Extreme UV - 
03/08/2022;24.1;82.8;21.2;1014.7;7;35;High Humidity - ;High UV - 
04/08/2022;23.2;80.9;17.3;1016.2;4;31;High Humidity - ;High UV - 
05/08/2022;21.6;84.3;19.6;1020.1;3;44;High Humidity - ;SinAlertas
06/08/2022;22.9;73.5;14.8;1020;8;31;High Humidity - ;Extreme UV - 
07/08/2022;23;71.8;20.5;1017.8;8;38;High Humidity - ;Extreme UV - 
08/08/2022;22.7;72.7;19.2;1017.8;8;41;High Humidity - ;Extreme UV - 
09/08/2022;24.5;70.7;21.2;1018.3;8;46;High Humidity - ;Extreme UV - 
10/08/2022;26.4;69.8;20.4;1014.8;9;20;Hot - High Humidity - ;Extreme UV - 
11/08/2022;28.3;66.8;32.1;1012.7;7;37;Hot - High Humidity - ;High UV - 
12/08/2022;23.3;83.8;22.9;1014.2;8;72;High Humidity - ;Extreme UV - Moderate AQI
13/08/2022;22.2;82.8;20.6;1012.7;4;52;High Humidity - ;High UV - Moderate AQI
14/08/2022;22.4;70.4;19.6;1012.5;9;31;High Humidity - ;Extreme UV - 
15/08/2022;21.5;73.2;16.5;1010.9;9;43;High Humidity - ;Extreme UV - 
16/08/2022;21.7;73.7;20.5;1009;8;30;High Humidity - ;Extreme UV - 
17/08/2022;19.1;80.8;34.1;1013.6;3;29;High Humidity - ;SinAlertas
18/08/2022;18.2;84.7;32.3;1020.2;3;35;High Humidity - ;SinAlertas
19/08/2022;20.6;76;14.8;1022.3;8;39;High Humidity - ;Extreme UV - 
20/08/2022;21.8;78.9;22.4;1019.8;8;42;High Humidity - ;Extreme UV - 
21/08/2022;23;80.5;17.3;1019.5;8;40;High Humidity - ;Extreme UV - 
22/08/2022;21.2;91.9;18.9;1019.1;5;31;High Humidity - ;High UV - 
23/08/2022;23.5;83;21.2;1016.2;8;46;High Humidity - ;Extreme UV - 
24/08/2022;24.5;80.5;24.7;1012.9;8;41;High Humidity - ;Extreme UV - 
25/08/2022;22.6;87.7;19.6;1018.4;3;31;High Humidity - ;SinAlertas
26/08/2022;22;82.3;17.3;1019;8;22;High Humidity - ;Extreme UV - 
27/08/2022;21.9;77.8;14;1014.1;7;33;High Humidity - ;High UV - 
28/08/2022;24.8;73.2;16.5;1011.2;8;36;High Humidity - ;Extreme UV - 
29/08/2022;26.1;65.9;23.7;1012.2;7;43;Hot - High Humidity - ;High UV - 
30/08/2022;22.1;84.9;19.1;1017.5;2;45;High Humidity - ;SinAlertas
31/08/2022;21.4;91.1;16.5;1018.7;4;40;High Humidity - ;High UV - 
01/09/2022;22.5;83.3;16.6;1016;7;29;High Humidity - ;High UV - 
02/09/2022;21.1;80.5;24.1;1014.9;7;41;High Humidity - ;High UV - 
03/09/2022;21;76.5;15.5;1014.1;5;27;High Humidity - ;High UV - 
04/09/2022;23.1;68.1;17.1;1013.6;8;32;High Humidity - ;Extreme UV - 
05/09/2022;24.9;62.4;24.6;1015.7;8;31;SinAlertas;Extreme UV - 
06/09/2022;22.8;71.8;23.1;1016.6;7;40;High Humidity - ;High UV - 
07/09/2022;20.8;69.7;20.5;1015;8;25;High Humidity - ;Extreme UV - 
08/09/2022;20.2;72.6;18.3;1015.9;8;32;High Humidity - ;Extreme UV - 
09/09/2022;20.4;78.5;15.5;1019.7;8;31;High Humidity - ;Extreme UV - 
10/09/2022;21.5;68.8;16.5;1018.4;8;45;High Humidity - ;Extreme UV - 
11/09/2022;26.1;63.6;19.1;1012.3;8;20;Hot - ;Extreme UV - 
12/09/2022;28.3;55.8;25.8;1007.3;3;35;Hot - ;SinAlertas
13/09/2022;28;47.3;31.5;1004.2;8;36;Hot - ;Low Pressure - Extreme UV - 
14/09/2022;25.7;48.4;29.4;1007.1;5;27;Hot - ;High UV - 
15/09/2022;22.9;72.5;19.2;1013.4;5;37;High Humidity - ;High UV - 
16/09/2022;20.6;77.1;22.3;1017.5;8;24;High Humidity - ;Extreme UV - 
17/09/2022;18.2;67.4;20.6;1018.9;7;20;High Humidity - ;High UV - 
18/09/2022;16.9;70.3;16.5;1017.4;6;21;High Humidity - ;High UV - 
19/09/2022;17.9;70.9;19.2;1018.7;7;22;High Humidity - ;High UV - 
20/09/2022;16.2;73.1;15.6;1021.5;7;47;High Humidity - ;High UV - 
21/09/2022;15.5;73.6;15.5;1021.3;7;32;High Humidity - ;High UV - 
22/09/2022;16.6;75.1;13.6;1019.6;7;37;High Humidity - ;High UV - 
23/09/2022;16.6;84.7;13.7;1017.7;5;39;High Humidity - ;High UV - 
24/09/2022;15.9;91.2;21.2;1017.3;2;44;High Humidity - ;SinAlertas
25/09/2022;14;84.5;23;1017.6;7;23;High Humidity - ;High UV - 
26/09/2022;15.2;84;28.3;1017.2;6;37;High Humidity - ;High UV - 
27/09/2022;17.1;79.7;32;1017.1;5;46;High Humidity - ;High UV - 
28/09/2022;17.6;78.3;32.3;1013.5;2;25;High Humidity - ;SinAlertas
29/09/2022;14.6;88.1;26.1;1008.3;2;43;High Humidity - ;SinAlertas
30/09/2022;15.2;85.9;28.3;1015.9;4;38;High Humidity - ;High UV - 
01/10/2022;16.7;81.1;14.8;1023.9;6;31;High Humidity - ;High UV - 
02/10/2022;17.3;84.5;13.7;1026.4;6;31;High Humidity - ;High UV - 
03/10/2022;17.4;85.9;18.4;1023;6;23;High Humidity - ;High UV - 
04/10/2022;18.2;85.6;20.4;1021.4;5;29;High Humidity - ;High UV - 
05/10/2022;17.9;86.2;21.1;1022.7;5;40;High Humidity - ;High UV - 
06/10/2022;19;82;14.9;1028.3;4;22;High Humidity - ;High UV - 
07/10/2022;17.5;87.4;14.7;1022.5;4;21;High Humidity - ;High UV - 
08/10/2022;18;86.2;9.5;1022;3;20;High Humidity - ;SinAlertas
09/10/2022;19.4;74.8;19.2;1015.1;6;45;High Humidity - ;High UV - 
10/10/2022;18.4;85.7;19.1;1016.3;5;44;High Humidity - ;High UV - 
11/10/2022;18.3;91.8;13.7;1021.1;4;33;High Humidity - ;High UV - 
12/10/2022;18.3;88.8;15.4;1023.2;5;34;High Humidity - ;High UV - 
13/10/2022;17.2;82;14.8;1023.4;5;37;High Humidity - ;High UV - 
14/10/2022;19.8;78.8;15.4;1022;6;38;High Humidity - ;High UV - 
15/10/2022;18.4;83;10.1;1014;2;36;High Humidity - ;SinAlertas
16/10/2022;21.1;68.3;15.4;1011.7;2;30;High Humidity - ;SinAlertas
17/10/2022;23.1;60.8;20.7;1018.2;3;46;SinAlertas;SinAlertas
18/10/2022;24.9;58.4;31.1;1019.1;2;38;SinAlertas;SinAlertas
19/10/2022;24.7;51.7;22.9;1013.4;5;59;SinAlertas;High UV - Moderate AQI
20/10/2022;22.1;48.8;25.2;1009.2;5;38;SinAlertas;High UV - 
21/10/2022;21.9;47.8;28.3;1009.7;2;45;SinAlertas;SinAlertas
22/10/2022;22.7;48.2;22.3;1010.2;3;26;SinAlertas;SinAlertas
23/10/2022;24;38.1;34.3;1007.6;6;33;SinAlertas;High UV - 
24/10/2022;21.5;47.6;30.6;1015;5;23;SinAlertas;High UV - 
25/10/2022;22.3;48.1;37.5;1012.4;6;35;SinAlertas;High UV - 
26/10/2022;23.4;48.2;28.3;1015.5;5;27;SinAlertas;High UV - 
27/10/2022;25.7;37.2;26.5;1015.7;1;28;Hot - ;SinAlertas
28/10/2022;25.1;43.5;27.6;1018.4;2;51;Hot - ;Moderate AQI
29/10/2022;24.1;45.6;29.1;1016.2;5;28;SinAlertas;High UV - 
30/10/2022;18.3;80.6;11.8;1018.6;2;28;High Humidity - ;SinAlertas
31/10/2022;18.8;71.8;28.3;1014.6;2;44;High Humidity - ;SinAlertas
01/11/2022;15.8;83.7;17.3;1023.5;5;44;High Humidity - ;High UV - 
02/11/2022;14.2;83.2;13.6;1023;4;31;High Humidity - ;High UV - 
03/11/2022;16.4;66.3;30.5;1015.5;3;26;High Humidity - ;SinAlertas
04/11/2022;13.5;74;41.2;1021.5;3;33;High Humidity - Windy - ;SinAlertas
05/11/2022;12.2;83.4;8.3;1022;5;46;High Humidity - ;High UV - 
06/11/2022;13.7;72.1;18.2;1017.2;5;47;High Humidity - ;High UV - 
07/11/2022;16.1;61.7;22.3;1015.3;4;43;SinAlertas;High UV - 
08/11/2022;21.3;47.5;28.7;1010.4;4;29;SinAlertas;High UV - 
09/11/2022;15.4;78.8;14.7;1017.8;4;30;High Humidity - ;High UV - 
10/11/2022;13.6;77.9;13.6;1024.9;5;43;High Humidity - ;High UV - 
11/11/2022;16.2;64.7;26.8;1024.4;4;45;SinAlertas;High UV - 
12/11/2022;20.1;52.5;35;1022.6;4;33;SinAlertas;High UV - 
13/11/2022;18.7;55.3;16.6;1017.3;4;44;SinAlertas;High UV - 
14/11/2022;15.9;75;27.2;1015.3;2;35;High Humidity - ;SinAlertas
15/11/2022;16.5;70.9;30.5;1007.6;2;34;High Humidity - ;SinAlertas
16/11/2022;16.6;70;31.7;1004.4;4;28;High Humidity - ;Low Pressure - High UV - 
17/11/2022;15.6;81.9;29.5;1005.3;4;25;High Humidity - ;High UV - 
18/11/2022;10.9;84.7;30.4;1013.3;4;47;High Humidity - ;High UV - 
19/11/2022;9.2;86.1;14.8;1018.6;4;36;Cold - High Humidity - ;High UV - 
20/11/2022;11.4;87.6;19.5;1020.7;2;38;High Humidity - ;SinAlertas
21/11/2022;11.9;85.6;39.5;1010.1;0;25;High Humidity - ;SinAlertas
22/11/2022;11.6;65;29.8;1009.7;1;21;High Humidity - ;SinAlertas
23/11/2022;15.3;74.1;40.1;1010.1;4;28;High Humidity - Windy - ;High UV - 
24/11/2022;11;87.1;18.2;1015.6;1;27;High Humidity - ;SinAlertas
25/11/2022;11.5;85.3;28.3;1025.3;3;21;High Humidity - ;SinAlertas
26/11/2022;10.2;77.3;14.7;1027.2;4;30;High Humidity - ;High UV - 
27/11/2022;12.6;58.9;21.2;1020.7;3;37;SinAlertas;SinAlertas
28/11/2022;11.3;84.4;30.3;1022;2;42;High Humidity - ;SinAlertas
29/11/2022;11.3;91.8;22.6;1022.4;3;36;High Humidity - ;SinAlertas
30/11/2022;10.3;88.6;13.6;1017.2;3;38;High Humidity - ;SinAlertas
01/12/2022;6.9;90.6;10.1;1020.7;2;33;Cold - High Humidity - ;SinAlertas
02/12/2022;7.9;81.7;11.2;1016.9;4;36;Cold - High Humidity - ;High UV - 
03/12/2022;6.3;92.8;10.1;1009.8;2;22;Cold - High Humidity - ;SinAlertas
04/12/2022;6.6;81.2;14.6;1010.2;4;20;Cold - High Humidity - ;High UV - 
05/12/2022;9.4;70.1;28.2;1014;3;46;Cold - High Humidity - ;SinAlertas
06/12/2022;13.3;73.5;19.1;1014.8;4;37;High Humidity - ;High UV - 
07/12/2022;12.2;87.8;13.6;1014.5;5;37;High Humidity - ;High UV - 
08/12/2022;11.2;88.4;17.1;1003;1;40;High Humidity - ;Low Pressure - 
09/12/2022;11.1;92.6;15.5;1000.4;0;21;High Humidity - ;Low Pressure - 
10/12/2022;6.1;83.2;17.6;1012.1;4;45;Cold - High Humidity - ;High UV - 
11/12/2022;6.1;85.8;11.1;1007.4;2;42;Cold - High Humidity - ;SinAlertas
12/12/2022;9.8;86.2;21.1;1002.2;2;26;Cold - High Humidity - ;Low Pressure - 
13/12/2022;14.1;90.5;11.2;999.7;2;47;High Humidity - ;Low Pressure - 
14/12/2022;15.5;72.1;22.8;999.8;3;42;High Humidity - ;Low Pressure - 
15/12/2022;12.7;86.1;12.9;997.3;2;38;High Humidity - ;Low Pressure - 
16/12/2022;10.2;91.8;16.5;1009.4;0;27;High Humidity - ;SinAlertas
17/12/2022;8.7;83.3;12.9;1017.5;3;33;Cold - High Humidity - ;SinAlertas
18/12/2022;14.1;58.5;30.7;1020;3;22;SinAlertas;SinAlertas
19/12/2022;15.5;51.5;36.9;1019.8;1;41;SinAlertas;SinAlertas
20/12/2022;16.2;64.9;28.9;1016.1;1;23;SinAlertas;SinAlertas
21/12/2022;15.4;69.2;31.5;1019.3;2;48;High Humidity - ;SinAlertas
22/12/2022;16.5;67.6;20.5;1021.4;2;42;High Humidity - ;SinAlertas
23/12/2022;19.4;56.3;32;1019.2;1;23;SinAlertas;SinAlertas
24/12/2022;16.9;57;29.4;1017.1;3;34;SinAlertas;SinAlertas
25/12/2022;18.6;47.2;21.2;1015;4;27;SinAlertas;High UV - 
26/12/2022;15.5;70.1;16.5;1025.4;2;44;High Humidity - ;SinAlertas
27/12/2022;12.4;91.4;12.9;1029.2;3;40;High Humidity - ;SinAlertas
28/12/2022;15.1;60.9;30.7;1021;2;25;SinAlertas;SinAlertas
29/12/2022;14.1;80.2;32.3;1017.9;1;24;High Humidity - ;SinAlertas
30/12/2022;18.8;60.1;35.7;1014.7;1;45;SinAlertas;SinAlertas
31/12/2022;20.5;30.9;33.3;1017.7;2;46;SinAlertas;SinAlertas
01/01/2023;19.4;44.3;25.6;1016.2;3;30;SinAlertas;SinAlertas
02/01/2023;11.5;85.3;16.1;1024.9;3;22;High Humidity - ;SinAlertas
03/01/2023;7.6;83.5;11.8;1031.6;4;28;Cold - High Humidity - ;High UV - 
04/01/2023;9.1;76.8;9.3;1034.2;4;46;Cold - High Humidity - ;High UV - 
05/01/2023;10.9;78.5;8.2;1029.7;4;38;High Humidity - ;High UV - 
06/01/2023;8.8;75.7;18.3;1024;4;34;Cold - High Humidity - ;High UV - 
07/01/2023;13.9;58;38.3;1015.5;3;43;SinAlertas;SinAlertas
08/01/2023;11.9;86.6;36.8;1010.6;1;22;High Humidity - ;SinAlertas
09/01/2023;10.5;75.4;31.2;1022.6;4;33;High Humidity - ;High UV - 
10/01/2023;10.4;71.3;12.6;1026.3;4;27;High Humidity - ;High UV - 
11/01/2023;12.9;78.3;26.2;1027.9;3;32;High Humidity - ;SinAlertas
12/01/2023;8.8;85;112;1028.2;3;34;Cold - High Humidity - Strong Wind - ;SinAlertas
13/01/2023;10.6;86.3;10.1;1027.5;2;30;High Humidity - ;SinAlertas
14/01/2023;14.8;57.9;34.4;1020.9;3;35;SinAlertas;SinAlertas
15/01/2023;10;73.8;35.3;1021.2;4;22;High Humidity - ;High UV - 
16/01/2023;9;85.5;37.8;1005.3;0;23;Cold - High Humidity - ;SinAlertas
17/01/2023;7.7;80.3;53.1;996.3;2;46;Cold - High Humidity - Windy - ;Low Pressure - 
18/01/2023;3.7;89.9;17.3;1007.9;2;40;Cold - High Humidity - ;SinAlertas
19/01/2023;7;84.5;48.8;1013.9;1;24;Cold - High Humidity - Windy - ;SinAlertas
20/01/2023;7.9;75.7;30.6;1021.5;4;38;Cold - High Humidity - ;High UV - 
21/01/2023;4;80;13.7;1026.7;3;35;Cold - High Humidity - ;SinAlertas
22/01/2023;4.5;74.6;15.5;1031.8;4;46;Cold - High Humidity - ;High UV - 
23/01/2023;5.4;82.9;16.5;1030.4;0;26;Cold - High Humidity - ;SinAlertas
24/01/2023;4.2;89.8;11.9;1030.5;2;29;Cold - High Humidity - ;SinAlertas
25/01/2023;5.1;88.4;14.7;1032;1;45;Cold - High Humidity - ;SinAlertas
26/01/2023;7.7;83;25.8;1024.3;1;27;Cold - High Humidity - ;SinAlertas
27/01/2023;5.8;89.8;32.2;1023.7;4;24;Cold - High Humidity - ;High UV - 
28/01/2023;5.5;89.9;15.2;1026.8;4;20;Cold - High Humidity - ;High UV - 
29/01/2023;5.5;86.6;11.3;1029.8;2;23;Cold - High Humidity - ;SinAlertas
30/01/2023;5.8;83.6;8.3;1032.3;3;28;Cold - High Humidity - ;SinAlertas
31/01/2023;7.5;83.5;14.7;1033.3;3;26;Cold - High Humidity - ;SinAlertas
01/02/2023;8.8;87;9.4;1033.1;4;28;Cold - High Humidity - ;High UV - 
02/02/2023;6.6;82.8;15.5;1034.1;5;31;Cold - High Humidity - ;High UV - 
03/02/2023;4.7;84;17.2;1035.8;5;37;Cold - High Humidity - ;High UV - 
04/02/2023;5.4;84.1;9.4;1037.7;6;35;Cold - High Humidity - ;High UV - 
05/02/2023;8.5;84.1;8.4;1039.1;1;37;Cold - High Humidity - ;SinAlertas
06/02/2023;7.8;70.8;18.2;1032.6;3;30;Cold - High Humidity - ;SinAlertas
07/02/2023;4.4;86.3;13;1026.5;2;28;Cold - High Humidity - ;SinAlertas
08/02/2023;6.7;80.4;14.7;1028.8;5;27;Cold - High Humidity - ;High UV - 
09/02/2023;5.2;81.5;15.4;1033.8;5;43;Cold - High Humidity - ;High UV - 
10/02/2023;5.5;75.1;14.7;1037.1;5;30;Cold - High Humidity - ;High UV - 
11/02/2023;8.5;56;18.2;1032;5;35;Cold - ;High UV - 
12/02/2023;11.4;41.6;25.4;1030.5;5;23;SinAlertas;High UV - 
13/02/2023;12.4;43;22.1;1031;5;63;SinAlertas;High UV - Moderate AQI
14/02/2023;13.2;45.4;26.8;1027.4;5;43;SinAlertas;High UV - 
15/02/2023;13.5;52.7;24.3;1027;5;26;SinAlertas;High UV - 
16/02/2023;9.7;74;16.5;1030.8;5;42;Cold - High Humidity - ;High UV - 
17/02/2023;10.5;73.6;13;1032;5;29;High Humidity - ;High UV - 
18/02/2023;11.2;67.7;17.1;1029.5;6;46;High Humidity - ;High UV - 
19/02/2023;10.7;83.2;13.1;1029.8;5;52;High Humidity - ;High UV - Moderate AQI
20/02/2023;15.2;66.6;13.6;1023.3;5;28;High Humidity - ;High UV - 
21/02/2023;15.9;60.2;18.3;1018.4;4;53;SinAlertas;High UV - Moderate AQI
22/02/2023;12;88.6;11.9;1018.5;2;58;High Humidity - ;Moderate AQI
23/02/2023;6.5;92.2;28.3;1013.9;1;23;Cold - High Humidity - ;SinAlertas
24/02/2023;7.8;66.5;26.2;1009.4;6;34;Cold - High Humidity - ;High UV - 
25/02/2023;8.6;63.1;12.8;1006.7;3;26;Cold - ;SinAlertas
26/02/2023;7.8;64.2;26;1013.9;6;47;Cold - ;High UV - 
27/02/2023;4.9;58.2;26;1019.9;3;35;Cold - ;SinAlertas
28/02/2023;5.2;68.3;30.5;1025.1;2;43;Cold - High Humidity - ;SinAlertas
01/03/2023;5.2;62.5;16.5;1021.4;4;23;Cold - ;High UV - 
02/03/2023;6.9;70.6;24.1;1021.6;2;23;Cold - High Humidity - ;SinAlertas
03/03/2023;6.8;86.6;9.3;1023;1;42;Cold - High Humidity - ;SinAlertas
04/03/2023;7.7;79.7;11.9;1023.6;5;39;Cold - High Humidity - ;High UV - 
05/03/2023;6.2;76.7;16.5;1017.1;6;40;Cold - High Humidity - ;High UV - 
06/03/2023;9;76.3;14.8;1011.8;6;52;Cold - High Humidity - ;High UV - Moderate AQI
07/03/2023;11.4;80.3;22.2;1006.4;4;44;High Humidity - ;High UV - 
08/03/2023;18.5;56.6;43.5;1004.4;3;27;Windy - ;Low Pressure - 
09/03/2023;16.1;62.4;34.1;1007.5;6;33;SinAlertas;High UV - 
10/03/2023;16.4;60.2;25.8;1015.2;2;33;SinAlertas;SinAlertas
11/03/2023;17;72.9;21.2;1017.4;3;39;High Humidity - ;SinAlertas
12/03/2023;17.9;80.6;16.2;1018.7;5;31;High Humidity - ;High UV - 
13/03/2023;18.7;55;39.3;1010.6;8;32;SinAlertas;Extreme UV - 
14/03/2023;13.2;65.7;37.6;1020.4;7;30;High Humidity - ;High UV - 
15/03/2023;14;69;13.7;1018.6;7;33;High Humidity - ;High UV - 
16/03/2023;20;39.8;22.3;1008.2;3;25;SinAlertas;SinAlertas
17/03/2023;17.1;54.4;26.7;1008.5;8;24;SinAlertas;Extreme UV - 
18/03/2023;14.6;64.1;27.5;1014.2;4;36;SinAlertas;High UV - 
19/03/2023;12.6;82.6;29.3;1023.2;8;47;High Humidity - ;Extreme UV - 
20/03/2023;12.1;74.8;15.4;1021.1;7;45;High Humidity - ;High UV - 
21/03/2023;11.9;77.5;18.3;1019.2;7;47;High Humidity - ;High UV - 
22/03/2023;14.5;71.1;13;1013.4;6;43;High Humidity - ;High UV - 
23/03/2023;20.1;34.9;26.5;1010.1;3;44;SinAlertas;SinAlertas
24/03/2023;15.3;59.3;36.1;1016.9;6;22;SinAlertas;High UV - 
25/03/2023;14.4;60.9;31.2;1019.4;7;30;SinAlertas;High UV - 
26/03/2023;14.6;63.5;48;1019.9;8;41;Windy - ;Extreme UV - 
27/03/2023;13;67.8;25.8;1025.6;8;40;High Humidity - ;Extreme UV - 
28/03/2023;17.3;52.6;14.8;1020.6;8;24;SinAlertas;Extreme UV - 
29/03/2023;23.9;28.9;26.9;1016.7;6;45;SinAlertas;High UV - 
30/03/2023;18.4;52.9;40.9;1017.9;7;36;Windy - ;High UV - 
31/03/2023;16.6;60.4;28.4;1018.6;7;27;SinAlertas;High UV - 
01/04/2023;12.6;71.7;41.2;1022.1;4;39;High Humidity - Windy - ;High UV - 
02/04/2023;11.9;74.3;36.9;1026.9;8;33;High Humidity - ;Extreme UV - 
03/04/2023;10.6;75.4;20.5;1022.9;8;23;High Humidity - ;Extreme UV - 
04/04/2023;10.1;76.8;17.3;1021.1;8;24;High Humidity - ;Extreme UV - 
05/04/2023;9.2;71.6;20.5;1022.2;8;28;Cold - High Humidity - ;Extreme UV - 
06/04/2023;10.6;72.6;23;1021.2;8;45;High Humidity - ;Extreme UV - 
07/04/2023;13.1;66.4;15.4;1017.1;8;26;High Humidity - ;Extreme UV - 
08/04/2023;14.5;66.1;11.9;1016.9;8;27;High Humidity - ;Extreme UV - 
09/04/2023;14.6;64.1;24.7;1019.2;8;26;SinAlertas;Extreme UV - 
10/04/2023;13.8;76.3;18.1;1024;8;32;High Humidity - ;Extreme UV - 
11/04/2023;16.1;74.3;22.9;1021.8;5;36;High Humidity - ;High UV - 
12/04/2023;11.2;80;31.6;1015.5;5;46;High Humidity - ;High UV - 
13/04/2023;10.4;77.6;31.6;1018.2;5;45;High Humidity - ;High UV - 
14/04/2023;12.9;80.6;35.3;1015.8;8;30;High Humidity - ;Extreme UV - 
15/04/2023;13;86.2;29.2;1023.3;4;27;High Humidity - ;High UV - 
16/04/2023;12.7;74.1;16.6;1025.3;8;30;High Humidity - ;Extreme UV - 
17/04/2023;11.4;72;19.2;1021.5;9;20;High Humidity - ;Extreme UV - 
18/04/2023;12.8;72.4;17.3;1016.6;9;21;High Humidity - ;Extreme UV - 
19/04/2023;15.1;69.4;20.4;1012;9;21;High Humidity - ;Extreme UV - 
20/04/2023;14.2;82;18.3;1010.4;9;27;High Humidity - ;Extreme UV - 
21/04/2023;15.4;78.1;30.6;1005;8;34;High Humidity - ;Extreme UV - 
22/04/2023;15.3;70.3;16.1;1010.4;9;23;High Humidity - ;Extreme UV - 
23/04/2023;15.3;74.6;24;1013.3;4;26;High Humidity - ;High UV - 
24/04/2023;15.2;83.3;18.3;1017.5;8;47;High Humidity - ;Extreme UV - 
25/04/2023;17.3;80.8;14.4;1016.5;9;30;High Humidity - ;Extreme UV - 
26/04/2023;18.7;81.6;20.4;1016.3;8;37;High Humidity - ;Extreme UV - 
27/04/2023;19.6;79.2;16.5;1014.6;8;44;High Humidity - ;Extreme UV - 
28/04/2023;17;87.6;24;1014.1;4;31;High Humidity - ;High UV - 
29/04/2023;16.3;90.4;16.6;1018.9;4;30;High Humidity - ;High UV - 
30/04/2023;16;86.1;17.3;1022.2;8;32;High Humidity - ;Extreme UV - 
01/05/2023;16.3;78.7;13.7;1022;9;38;High Humidity - ;Extreme UV - 
02/05/2023;16.5;69;15.5;1019.4;9;22;High Humidity - ;Extreme UV - 
03/05/2023;23;48.4;35;1011.6;8;43;SinAlertas;Extreme UV - 
04/05/2023;20.2;57.1;21.1;1016.8;9;23;SinAlertas;Extreme UV - 
05/05/2023;17.6;69.9;21.2;1018.3;9;25;High Humidity - ;Extreme UV - 
06/05/2023;16.6;77.5;26.6;1015.4;9;34;High Humidity - ;Extreme UV - 
07/05/2023;16.6;82.8;15.4;1022.1;9;26;High Humidity - ;Extreme UV - 
08/05/2023;16.4;69.3;13;1024.2;9;35;High Humidity - ;Extreme UV - 
09/05/2023;15.6;80.4;37.6;1022.9;8;25;High Humidity - ;Extreme UV - 
10/05/2023;14.5;78.4;25.9;1024.8;7;28;High Humidity - ;High UV - 
11/05/2023;13.1;85;29.9;1022.3;5;44;High Humidity - ;High UV - 
12/05/2023;12.6;85.5;26.6;1020.2;7;43;High Humidity - ;High UV - 
13/05/2023;13;87.8;31.5;1022.7;6;41;High Humidity - ;High UV - 
14/05/2023;14.6;86.6;25.9;1023;9;30;High Humidity - ;Extreme UV - 
15/05/2023;14.2;85.2;19.6;1022.6;3;36;High Humidity - ;SinAlertas
16/05/2023;14.3;69.3;22.9;1022.9;10;47;High Humidity - ;Extreme UV - 
17/05/2023;13.3;69.1;20.5;1024;9;45;High Humidity - ;Extreme UV - 
18/05/2023;14.9;64.7;23.1;1024.1;9;32;SinAlertas;Extreme UV - 
19/05/2023;15.7;68.7;23.1;1023.4;10;37;High Humidity - ;Extreme UV - 
20/05/2023;15.2;76.1;25.8;1019;10;26;High Humidity - ;Extreme UV - 
21/05/2023;16.1;76.7;16.6;1016;10;43;High Humidity - ;Extreme UV - 
22/05/2023;16.3;84.4;18.3;1016.7;4;43;High Humidity - ;High UV - 
23/05/2023;16.7;91;20.6;1018.2;5;34;High Humidity - ;High UV - 
24/05/2023;16.6;87.9;16.6;1019.2;5;35;High Humidity - ;High UV - 
25/05/2023;15.7;80.2;21.2;1020.2;9;23;High Humidity - ;Extreme UV - 
26/05/2023;18.1;72.6;24.1;1018.8;9;24;High Humidity - ;Extreme UV - 
27/05/2023;22.6;62.7;20.5;1015.9;9;33;SinAlertas;Extreme UV - 
28/05/2023;18.9;83.5;19.2;1014.3;9;24;High Humidity - ;Extreme UV - 
29/05/2023;20;79.3;16.6;1014.3;8;43;High Humidity - ;Extreme UV - 
30/05/2023;18.7;83.1;22.2;1015.9;9;42;High Humidity - ;Extreme UV - 
31/05/2023;18.5;85.1;18.4;1016.5;9;30;High Humidity - ;Extreme UV - 
01/06/2023;19.6;79.4;16.4;1014;9;36;High Humidity - ;Extreme UV - 
02/06/2023;21.2;69;19.2;1012.6;9;25;High Humidity - ;Extreme UV - 
03/06/2023;20.6;76.6;19.1;1013.5;9;35;High Humidity - ;Extreme UV - 
04/06/2023;21.2;80.9;19.2;1014.9;9;29;High Humidity - ;Extreme UV - 
05/06/2023;20.6;80.6;17.2;1015.3;9;40;High Humidity - ;Extreme UV - 
06/06/2023;22.7;75.4;17.6;1013.5;9;29;High Humidity - ;Extreme UV - 
07/06/2023;23.7;67.5;16.5;1010.1;3;24;High Humidity - ;SinAlertas
08/06/2023;24.9;62;19.1;1007.4;8;48;SinAlertas;Extreme UV - 
09/06/2023;23.5;64.5;25.5;1007.1;9;47;SinAlertas;Extreme UV - 
10/06/2023;21.5;81.4;21.1;1013.3;8;23;High Humidity - ;Extreme UV - 
11/06/2023;21.4;80;15.9;1015.5;10;37;High Humidity - ;Extreme UV - 
12/06/2023;21.4;80.2;22.7;1013.5;8;32;High Humidity - ;Extreme UV - 
13/06/2023;18.7;87.7;31.5;1011.9;3;26;High Humidity - ;SinAlertas
14/06/2023;19.6;82.9;26.5;1017.9;8;20;High Humidity - ;Extreme UV - 
15/06/2023;20.8;77.7;11.2;1020.8;9;21;High Humidity - ;Extreme UV - 
16/06/2023;21.7;75;18.3;1017.6;7;43;High Humidity - ;High UV - 
17/06/2023;20.5;90.4;14.8;1014.4;9;43;High Humidity - ;Extreme UV - 
18/06/2023;19.6;94.3;13;1011.6;5;21;High Humidity - ;High UV - 
19/06/2023;21.3;84.7;27.6;1009.6;7;48;High Humidity - ;High UV - 
20/06/2023;19.7;95.5;16.6;1011.9;2;37;High Humidity - ;SinAlertas
21/06/2023;18.8;98.8;9.4;1016.2;6;29;High Humidity - ;High UV - 
22/06/2023;21.1;82.4;14.7;1021.2;9;24;High Humidity - ;Extreme UV - 
23/06/2023;22.4;75.6;14.5;1024.8;9;28;High Humidity - ;Extreme UV - 
24/06/2023;24.1;74.1;13.7;1019.7;9;30;High Humidity - ;Extreme UV - 
25/06/2023;21.9;81.5;24.8;1019.8;10;21;High Humidity - ;Extreme UV - 
26/06/2023;21.3;84.7;14.8;1023.7;7;34;High Humidity - ;High UV - 
27/06/2023;21.1;69.8;13;1022.8;9;31;High Humidity - ;Extreme UV - 
28/06/2023;21;77;15.5;1019.8;9;40;High Humidity - ;Extreme UV - 
29/06/2023;19.8;86.5;28.3;1020.1;4;42;High Humidity - ;High UV - 
30/06/2023;18.4;79.9;26.5;1023.4;7;36;High Humidity - ;High UV - 
01/07/2023;20.5;74.9;22.3;1020.9;7;46;High Humidity - ;High UV - 
02/07/2023;21.2;83.8;16.6;1020.7;9;47;High Humidity - ;Extreme UV - 
03/07/2023;20.6;79.2;14.8;1019.8;9;21;High Humidity - ;Extreme UV - 
04/07/2023;20.6;77.1;18.3;1019.4;9;47;High Humidity - ;Extreme UV - 
05/07/2023;21.2;77.9;15.5;1019.8;7;29;High Humidity - ;High UV - 
06/07/2023;21.1;79.3;14.7;1015.7;9;21;High Humidity - ;Extreme UV - 
07/07/2023;24.4;75.8;16.5;1011.5;9;22;High Humidity - ;Extreme UV - 
08/07/2023;22.9;78.8;13.7;1015.8;9;27;High Humidity - ;Extreme UV - 
09/07/2023;20.9;88;22.2;1021.9;2;30;High Humidity - ;SinAlertas
10/07/2023;22.7;77.2;17.3;1022;9;27;High Humidity - ;Extreme UV - 
11/07/2023;20.7;84.1;13.7;1018.1;9;40;High Humidity - ;Extreme UV - 
12/07/2023;21;82.2;15.5;1019.3;9;36;High Humidity - ;Extreme UV - 
13/07/2023;21.3;81.6;15.5;1021.5;10;34;High Humidity - ;Extreme UV - 
14/07/2023;23.7;71.1;23;1013;9;42;High Humidity - ;Extreme UV - 
15/07/2023;19.7;81.2;20.5;1015.2;3;43;High Humidity - ;SinAlertas
16/07/2023;20.1;74.8;14.8;1019.6;10;24;High Humidity - ;Extreme UV - 
17/07/2023;21.8;71.1;18.4;1020.5;7;21;High Humidity - ;High UV - 
18/07/2023;21.8;80.8;26;1018.4;5;34;High Humidity - ;High UV - 
19/07/2023;21;79;13.8;1021.3;10;40;High Humidity - ;Extreme UV - 
20/07/2023;18.6;89.8;13.8;1017.7;9;23;High Humidity - ;Extreme UV - 
21/07/2023;20;80.1;18.4;1018.1;9;35;High Humidity - ;Extreme UV - 
22/07/2023;20.2;73.8;14.8;1019.2;9;34;High Humidity - ;Extreme UV - 
23/07/2023;20.4;75.9;14.7;1015.4;5;40;High Humidity - ;High UV - 
24/07/2023;19.1;88.4;26.6;1014.6;3;47;High Humidity - ;SinAlertas
25/07/2023;19.1;74;25.8;1018.7;8;43;High Humidity - ;Extreme UV - 
26/07/2023;21;77.1;16.5;1019.6;10;42;High Humidity - ;Extreme UV - 
27/07/2023;21.3;81.6;24;1014.6;5;30;High Humidity - ;High UV - 
28/07/2023;23.1;73.6;21.1;1014.2;9;29;High Humidity - ;Extreme UV - 
29/07/2023;21.9;78.6;25.8;1015.7;5;33;High Humidity - ;High UV - 
30/07/2023;21.1;82.8;11.9;1021.5;6;41;High Humidity - ;High UV - 
31/07/2023;20.7;78.1;18.4;1020;9;48;High Humidity - ;Extreme UV - 
01/08/2023;20.8;86.5;19.2;1016.6;7;20;High Humidity - ;High UV - 
02/08/2023;21.3;81.9;33.7;1012.6;4;35;High Humidity - ;High UV - 
03/08/2023;19.2;76.7;26.7;1018;10;24;High Humidity - ;Extreme UV - 
04/08/2023;18.7;75.8;27.7;1024;7;35;High Humidity - ;High UV - 
05/08/2023;18.6;78.6;19.2;1023.1;9;26;High Humidity - ;Extreme UV - 
06/08/2023;19.2;76.7;15.9;1023.9;10;46;High Humidity - ;Extreme UV - 
07/08/2023;18.9;71.7;18.3;1022.2;9;45;High Humidity - ;Extreme UV - 
08/08/2023;20.6;74.6;20.5;1018.4;9;53;High Humidity - ;Extreme UV - Moderate AQI
09/08/2023;25.7;70.1;27.6;1015.1;8;71;Hot - High Humidity - ;Extreme UV - Moderate AQI
10/08/2023;23.8;68.2;31.5;1021.6;8;35;High Humidity - ;Extreme UV - 
11/08/2023;23.2;70;21.2;1022.2;9;27;High Humidity - ;Extreme UV - 
12/08/2023;20.8;82.5;22.3;1022;2;37;High Humidity - ;SinAlertas
13/08/2023;21;83.5;12;1018.8;4;39;High Humidity - ;High UV - 
14/08/2023;22;78.6;13.8;1015.2;9;34;High Humidity - ;Extreme UV - 
15/08/2023;21.8;78.3;15.6;1017.4;6;38;High Humidity - ;High UV - 
16/08/2023;21;87.6;9.4;1017.6;3;44;High Humidity - ;SinAlertas
17/08/2023;22.8;79.6;22.2;1014.7;9;40;High Humidity - ;Extreme UV - 
18/08/2023;25.5;72.6;24.8;1011.7;6;27;Hot - High Humidity - ;High UV - 
19/08/2023;25.6;77.6;20.5;1016.9;8;32;Hot - High Humidity - ;Extreme UV - 
20/08/2023;23.3;84.6;16.6;1021.8;8;28;High Humidity - ;Extreme UV - 
21/08/2023;24.2;78.6;22.2;1022;8;37;High Humidity - ;Extreme UV - 
22/08/2023;24.8;77.9;18.4;1019.9;8;34;High Humidity - ;Extreme UV - 
23/08/2023;29.5;66.6;15.4;1014.3;8;48;Hot - High Humidity - ;Extreme UV - 
24/08/2023;26.1;79.1;25.9;1012.8;7;37;Hot - High Humidity - ;High UV - 
25/08/2023;22.2;82.3;13.8;1017.2;3;31;High Humidity - ;SinAlertas
26/08/2023;18.2;89.4;17.3;1016.6;5;38;High Humidity - ;High UV - 
27/08/2023;17.9;82.5;29.4;1019.3;9;21;High Humidity - ;Extreme UV - 
28/08/2023;19.2;85.9;32.6;1020.6;9;21;High Humidity - ;Extreme UV - 
29/08/2023;19.1;78.4;21.2;1018.3;7;36;High Humidity - ;High UV - 
30/08/2023;19.1;82.2;24.1;1016.3;5;35;High Humidity - ;High UV - 
31/08/2023;20.4;77.2;17.3;1017.6;8;44;High Humidity - ;Extreme UV - 
01/09/2023;21.3;81.9;14.7;1015.2;8;38;High Humidity - ;Extreme UV - 
02/09/2023;19.9;88.6;16.1;1014.9;3;48;High Humidity - ;SinAlertas
03/09/2023;20.1;80.8;14.8;1016.9;9;25;High Humidity - ;Extreme UV - 
04/09/2023;27.1;56.2;30.3;1012;6;64;Hot - ;High UV - Moderate AQI
05/09/2023;25.8;69.2;17.2;1013.7;8;87;Hot - High Humidity - ;Extreme UV - Moderate AQI
06/09/2023;25.3;71.5;16.5;1015.1;9;34;Hot - High Humidity - ;Extreme UV - 
07/09/2023;25.2;72.2;18.2;1014.5;8;43;Hot - High Humidity - ;Extreme UV - 
08/09/2023;26.1;71.7;14.7;1014.6;8;43;Hot - High Humidity - ;Extreme UV - 
09/09/2023;24.8;77.1;18.3;1013.2;8;46;High Humidity - ;Extreme UV - 
10/09/2023;23.7;83.9;20.5;1015.6;7;35;High Humidity - ;High UV - 
11/09/2023;21.7;91.4;30.8;1014.5;7;30;High Humidity - ;High UV - 
12/09/2023;20.6;90.5;24;1017.4;5;29;High Humidity - ;High UV - 
13/09/2023;19.3;92.6;14.7;1021.2;8;42;High Humidity - ;Extreme UV - 
14/09/2023;21;82.5;13.7;1018.8;8;35;High Humidity - ;Extreme UV - 
15/09/2023;21.5;83;18.9;1010.6;4;20;High Humidity - ;High UV - 
16/09/2023;22.9;71.6;30.1;1008;4;36;High Humidity - ;High UV - 
17/09/2023;21.3;76.2;19.6;1008.3;9;34;High Humidity - ;Extreme UV - 
18/09/2023;22.3;59.3;25.9;1014.5;8;46;SinAlertas;Extreme UV - 
19/09/2023;21.1;77.2;12.9;1018.6;8;24;High Humidity - ;Extreme UV - 
20/09/2023;20.4;84.2;14.8;1010.6;6;36;High Humidity - ;High UV - 
21/09/2023;20.2;67.7;29.4;1005.6;7;48;High Humidity - ;High UV - 
22/09/2023;15.8;83.8;22.3;1012.9;7;40;High Humidity - ;High UV - 
23/09/2023;17.4;81.2;11.2;1020.7;7;27;High Humidity - ;High UV - 
24/09/2023;19.3;76.1;16.5;1019.6;7;41;High Humidity - ;High UV - 
25/09/2023;19.5;76.4;14.7;1020.3;7;23;High Humidity - ;High UV - 
26/09/2023;19;87.6;16.4;1019.8;7;26;High Humidity - ;High UV - 
27/09/2023;21.1;75;26.8;1017.6;7;40;High Humidity - ;High UV - 
28/09/2023;21.6;72.6;13;1017.9;7;34;High Humidity - ;High UV - 
29/09/2023;20.8;79.3;16.6;1023.4;7;22;High Humidity - ;High UV - 
30/09/2023;22.8;80.9;11.8;1023.1;7;42;High Humidity - ;High UV - 
01/10/2023;23;76.3;16.5;1020.5;7;25;High Humidity - ;High UV - 
02/10/2023;23.8;72.2;27.6;1018.8;7;26;High Humidity - ;High UV - 
03/10/2023;19.3;90.8;21.2;1026.5;2;38;High Humidity - ;SinAlertas
04/10/2023;20.1;82.8;13.7;1027;7;25;High Humidity - ;High UV - 
05/10/2023;20.3;86.6;15.4;1024;6;34;High Humidity - ;High UV - 
06/10/2023;19.9;90;13.6;1024.4;6;39;High Humidity - ;High UV - 
07/10/2023;22.7;80.1;13.6;1022.7;6;35;High Humidity - ;High UV - 
08/10/2023;21.6;76.9;13.6;1022.7;7;35;High Humidity - ;High UV - 
09/10/2023;18.6;76.1;11.8;1024.1;7;48;High Humidity - ;High UV - 
10/10/2023;18.4;68.8;13.6;1022.2;4;34;High Humidity - ;High UV - 
11/10/2023;20.7;63.6;9.3;1019.5;4;33;SinAlertas;High UV - 
12/10/2023;21.6;61.8;16;1018.1;4;45;SinAlertas;High UV - 
13/10/2023;23.9;51.9;19.1;1015.9;1;48;SinAlertas;SinAlertas
14/10/2023;18;94.1;16.5;1021.2;1;35;High Humidity - ;SinAlertas
15/10/2023;16.8;85.2;16.5;1019.5;2;46;High Humidity - ;SinAlertas
16/10/2023;20.6;70.4;15.4;1009.8;3;45;High Humidity - ;SinAlertas
17/10/2023;24.6;54.2;33.4;1002.1;3;28;SinAlertas;Low Pressure - 
18/10/2023;25;52.3;30.1;998.6;6;37;Hot - ;Low Pressure - High UV - 
19/10/2023;21.2;60.2;34.6;989.8;2;47;SinAlertas;Low Pressure - 
20/10/2023;16.5;67.3;39.3;991;5;48;High Humidity - ;Low Pressure - High UV - 
21/10/2023;14.8;62.1;16.6;1005.8;6;46;SinAlertas;High UV - 
22/10/2023;15.1;66.7;26.6;1007.6;6;24;High Humidity - ;High UV - 
23/10/2023;14.7;87.2;18.3;1006;4;31;High Humidity - ;High UV - 
24/10/2023;15.3;71.7;37;1008.5;6;26;High Humidity - ;High UV - 
25/10/2023;20;62.5;34;1006.7;3;43;SinAlertas;SinAlertas
26/10/2023;17;88.1;24;1003.5;1;33;High Humidity - ;Low Pressure - 
27/10/2023;14.9;71.7;29.5;1005.1;6;46;High Humidity - ;High UV - 
28/10/2023;20.2;49.1;32.8;1001.8;3;42;SinAlertas;Low Pressure - 
29/10/2023;18.6;70.7;25;999.9;4;21;High Humidity - ;Low Pressure - High UV - 
30/10/2023;16.1;73;17.6;1003;4;37;High Humidity - ;Low Pressure - High UV - 
31/10/2023;16.4;55.2;19.1;1012.6;5;29;SinAlertas;High UV - 
01/11/2023;18.4;56.6;80;1006.4;4;41;Strong Wind - ;High UV - 
02/11/2023;13.4;74.3;53;997.8;3;39;High Humidity - Windy - ;Low Pressure - 
03/11/2023;11.9;69.2;33.3;1001.9;3;37;High Humidity - ;Low Pressure - 
04/11/2023;17.2;61.8;44.8;991.3;5;21;Windy - ;Low Pressure - High UV - 
05/11/2023;15.3;60.9;36;1003.2;4;26;SinAlertas;Low Pressure - High UV - 
06/11/2023;12;71.3;22.3;1015.5;4;43;High Humidity - ;High UV - 
07/11/2023;10.6;73.5;21.3;1020.7;4;33;High Humidity - ;High UV - 
08/11/2023;13.2;69.6;24.2;1018.5;3;30;High Humidity - ;SinAlertas
09/11/2023;13.7;80.9;18.4;1016.3;3;26;High Humidity - ;SinAlertas
10/11/2023;12.5;94.7;14.8;1015.6;1;37;High Humidity - ;SinAlertas
11/11/2023;15.4;96.9;11.2;1011.9;2;20;High Humidity - ;SinAlertas
12/11/2023;17.8;81;13;1016.5;4;36;High Humidity - ;High UV - 
13/11/2023;22.3;55;35.5;1018.1;3;32;SinAlertas;SinAlertas
14/11/2023;19.2;70.9;28.8;1021.6;3;46;High Humidity - ;SinAlertas
15/11/2023;16.3;86.8;13.6;1024.2;3;43;High Humidity - ;SinAlertas
16/11/2023;17.9;77.5;31;1022.7;1;40;High Humidity - ;SinAlertas
17/11/2023;13.9;85.9;9.3;1026.7;4;36;High Humidity - ;High UV - 
18/11/2023;14.4;80.8;11.9;1024.2;3;47;High Humidity - ;SinAlertas
19/11/2023;13.5;86.4;11.1;1023.8;4;47;High Humidity - ;High UV - 
20/11/2023;13.1;94.1;21.2;1023.5;1;29;High Humidity - ;SinAlertas
21/11/2023;12.2;86.8;29.4;1024.2;2;47;High Humidity - ;SinAlertas
22/11/2023;13;77;19.7;1028.6;2;40;High Humidity - ;SinAlertas
23/11/2023;9.6;81.7;10.1;1031.1;3;20;Cold - High Humidity - ;SinAlertas
24/11/2023;11.6;89.4;8.3;1024.5;1;47;High Humidity - ;SinAlertas
25/11/2023;11.7;93;13;1020;2;46;High Humidity - ;SinAlertas
26/11/2023;8.8;88.1;11.8;1017.9;3;36;Cold - High Humidity - ;SinAlertas
27/11/2023;10.8;93.9;21.2;1014.9;1;39;High Humidity - ;SinAlertas
28/11/2023;12.7;97.6;15.4;1012.4;1;27;High Humidity - ;SinAlertas
29/11/2023;15.5;81.5;22.9;1003;3;30;High Humidity - ;Low Pressure - 
30/11/2023;12.3;95.1;16.5;1000.4;1;43;High Humidity - ;Low Pressure - 
01/12/2023;10;85.2;14.8;1001.6;2;21;High Humidity - ;Low Pressure - 
02/12/2023;8.6;94.1;17.2;1016.8;2;33;Cold - High Humidity - ;SinAlertas
03/12/2023;9.2;72.8;25.8;1018.1;2;40;Cold - High Humidity - ;SinAlertas
04/12/2023;12.7;66.7;35.7;1012.2;2;29;High Humidity - ;SinAlertas
05/12/2023;9;85.5;11.9;1019.6;2;30;Cold - High Humidity - ;SinAlertas
06/12/2023;8;85;14.7;1016.8;3;29;Cold - High Humidity - ;SinAlertas
07/12/2023;13.2;64.3;25.5;1013.2;1;38;SinAlertas;SinAlertas
08/12/2023;11.4;79.9;24.7;1018.2;3;46;High Humidity - ;SinAlertas
09/12/2023;15.1;71.4;23.3;1019.1;1;34;High Humidity - ;SinAlertas
10/12/2023;16.5;76.8;14.7;1020.2;1;33;High Humidity - ;SinAlertas
11/12/2023;19.4;55.8;21.6;1016.9;1;39;SinAlertas;SinAlertas
12/12/2023;15.5;84.6;21.1;1013.6;1;27;High Humidity - ;SinAlertas
13/12/2023;11.6;78.3;36.9;1015.1;1;37;High Humidity - ;SinAlertas
14/12/2023;11.6;78.4;32.4;1029;4;41;High Humidity - ;High UV - 
15/12/2023;11.7;96.3;11.9;1038.3;3;22;High Humidity - ;SinAlertas
16/12/2023;9.6;87.7;14.7;1039.4;3;21;Cold - High Humidity - ;SinAlertas
17/12/2023;6.6;85.4;10;1036.5;3;35;Cold - High Humidity - ;SinAlertas
18/12/2023;6.7;85.7;11.1;1036.5;3;24;Cold - High Humidity - ;SinAlertas
19/12/2023;8.2;84.8;11.8;1033.3;3;39;Cold - High Humidity - ;SinAlertas
20/12/2023;10.7;90;25.8;1032.6;1;36;High Humidity - ;SinAlertas
21/12/2023;12.2;84.8;35;1031.3;2;26;High Humidity - ;SinAlertas
22/12/2023;12.1;89.3;25.9;1031.9;3;44;High Humidity - ;SinAlertas
23/12/2023;11.1;96.1;12.9;1030;1;35;High Humidity - ;SinAlertas
24/12/2023;9.9;91.7;9.3;1026;3;44;Cold - High Humidity - ;SinAlertas
25/12/2023;7.1;89.5;11.1;1023.3;3;24;Cold - High Humidity - ;SinAlertas
26/12/2023;5.3;86.2;11.1;1023;4;34;Cold - High Humidity - ;High UV - 
2022-06-15;25.8;89.4;123;1018.7;9;84;High Humidity - Strong Wind - ;Extreme UV - Moderate AQI
2023-01-12;5.5;87;103;1029.2;3;25;Cold - High Humidity - Strong Wind - ;SinAlertas
2023-11-01;14.5;53.3;85;1007.4;4;37;Strong Wind - ;High UV - 
